run_id,model,corpus,n_members,epochs,lr,seed,attack,auroc,tpr_at_fpr_1pct,tpr_at_fpr_01pct,adv,tv_empirical,kl_score_space,pinsker,bh,bound,tightness_gap,adv_over_bound,samples_per_bin,kl_bins_15,bound_bins_15,kl_bins_20,bound_bins_20,kl_bins_30,bound_bins_30,kl_bins_50,bound_bins_50,auroc_ci_lo,auroc_ci_hi,tpr_at_fpr_1pct_ci_lo,tpr_at_fpr_1pct_ci_hi,tpr_at_fpr_01pct_ci_lo,tpr_at_fpr_01pct_ci_hi,adv_ci_lo,adv_ci_hi,tv_empirical_ci_lo,tv_empirical_ci_hi,kl_score_space_ci_lo,kl_score_space_ci_hi,pinsker_ci_lo,pinsker_ci_hi,bh_ci_lo,bh_ci_hi,bound_ci_lo,bound_ci_hi,tightness_gap_ci_lo,tightness_gap_ci_hi,adv_over_bound_ci_lo,adv_over_bound_ci_hi,n_members_scored,n_nonmembers_scored,perplexity,next_token_acc
pythia160m_enron_N2000_lr5e-5_seed42_f093,pythia-160m,enron,2000,1,5e-05,42,loss,0.599822625,0.012,0.0025,0.1775,0.17399999999999985,0.08348424313538594,0.20430888763754984,0.2830095733632626,0.20430888763754984,0.02680888763754985,0.8687825676721924,100.0,0.07660297728701858,0.1957076611773522,0.08348424313538594,0.20430888763754984,0.09142133506665932,0.21380053211657277,0.1259963873176424,0.25099440961667097,0.5814161125,0.6181489375,0.007,0.018,0.0,0.0055,0.1529875,0.2110125,0.15150000000000002,0.20801249999999977,0.07043536607519499,0.12138413519135541,0.18766374306946262,0.24635760102687093,0.26079114070853326,0.3380921942954577,0.18766374306946262,0.24635760102687093,0.01835629924924244,0.051388500902142045,0.7639688927403829,0.9112775516142512,2000,2000,51.72460778739017,0.35058025915836355
pythia160m_enron_N2000_lr5e-5_seed42_f093,pythia-160m,enron,2000,1,5e-05,42,ref,0.71296775,0.01,0.0005,0.38149999999999995,0.35950000000000004,0.41066350399881296,0.4531354676025774,0.5803360564439197,0.4531354676025774,0.07163546760257744,0.8419115855539135,100.0,0.3907218819750172,0.4419965395650837,0.41066350399881296,0.4531354676025774,0.44460681497696286,0.47149062290620525,0.45710960816241564,0.47807405710957357,0.6974419625,0.72801606875,0.005,0.01601249999999999,0.0,0.0025,0.3605,0.4075,0.33698749999999994,0.39501249999999993,0.3683365798829363,0.4806827816381493,0.4291483309139589,0.49024625287800366,0.5550817343410784,0.6177693362848435,0.4291483309139589,0.49024625287800366,0.05042137367468011,0.0981555868190647,0.7932507202476531,0.8863642889701466,2000,2000,51.72460778739017,0.35058025915836355
pythia160m_enron_N2000_lr5e-5_seed42_f093,pythia-160m,enron,2000,1,5e-05,42,zlib,0.5346627500000001,0.0135,0.0005,0.051500000000000046,0.061,0.01504981850624857,0.08674623480661443,0.12221757639476297,0.08674623480661443,0.03524623480661439,0.5936857099885694,100.0,0.014125899709170817,0.08404135800060235,0.01504981850624857,0.08674623480661443,0.017489635400263433,0.0935137300086555,0.02773862717418402,0.11776804994179028,0.5169066437500001,0.5533193624999999,0.0065,0.028,0.0,0.005,0.0375,0.08951249999999998,0.046000000000000034,0.09601250000000001,0.013001455815684938,0.041520551741429684,0.08062694348200083,0.14408426514281564,0.11365409762203185,0.20166898601852062,0.08062694348200083,0.14408426514281564,0.022453530525005115,0.07790346131077454,0.37012811428540243,0.7673634347787966,2000,2000,51.72460778739017,0.35058025915836355
pythia160m_enron_N2000_lr5e-5_seed42_f093,pythia-160m,enron,2000,1,5e-05,42,mink,0.650014,0.012,0.0025,0.25199999999999995,0.23849999999999982,0.15900364621581553,0.2819606765276104,0.3834145944457683,0.2819606765276104,0.029960676527610475,0.8937416490250312,100.0,0.15537475380524413,0.27872455382083233,0.15900364621581553,0.2819606765276104,0.1714844216674406,0.2928177092214887,0.1921350917643754,0.3099476502285309,0.63222801875,0.66746110625,0.007,0.018,0.0,0.0055,0.224,0.285,0.21249999999999986,0.27349999999999974,0.13775439537010503,0.24410117774297396,0.26244462553838027,0.34935739407489874,0.3587301241603475,0.465394062137412,0.26244462553838027,0.34935739407489874,0.021174027836310214,0.09132318611220418,0.7336140455405318,0.9246034347558424,2000,2000,51.72460778739017,0.35058025915836355
pythia160m_enron_N2000_lr5e-5_seed42_f093,pythia-160m,enron,2000,1,5e-05,42,minkpp,0.72472575,0.012,0.002,0.37499999999999994,0.0005000000000000931,0.00491013137889906,0.04954861945049054,0.06998640146249907,0.04954861945049054,-0.3254513805495094,7.568323883871347,100.0,0.0049101316244055905,0.04954862068920582,0.00491013137889906,0.04954861945049054,0.004910130887886068,0.04954861697306025,0.0049101299058601595,0.04954861201819966,0.70795351875,0.7398837749999999,0.006987500000000012,0.0175,0.0,0.005,0.3495,0.4055,0.0005000000000000931,0.36251250000000035,0.0049101313788989485,0.3578265437115326,0.04954861945048998,0.4229814063662783,0.06998640146249828,0.5484575208021104,0.04954861945048998,0.4229814063662783,-0.34645138054950947,0.04271003081501152,0.9004622050254811,7.992150021368144,2000,2000,51.72460778739017,0.35058025915836355
pythia160m_enron_N2000_lr5e-5_seed42_f093,pythia-160m,enron,2000,1,5e-05,42,rmia,0.7129622499999999,0.01,0.0005,0.381,0.3795,0.4154045203871997,0.4557436342875234,0.5830324059435884,0.4557436342875234,0.0747436342875234,0.8359963175253733,100.0,0.41051338822310496,0.453052639448831,0.4154045203871997,0.4557436342875234,0.42201161567095047,0.4593536849046443,0.4405446464017164,0.4693317837104773,0.69747609375,0.7279837499999999,0.0055,0.0165,0.0,0.003,0.36,0.4075,0.3565000000000001,0.404,0.38085649958477485,0.4691587967871618,0.4363808525979214,0.4843339736415314,0.5627824306683724,0.6119409741214552,0.4363808525979214,0.4843339736415314,0.06629084659509238,0.08828254441206596,0.8092213421409793,0.8557367855730434,2000,2000,51.72460778739017,0.35058025915836355
pythia160m_enron_N2000_lr5e-5_seed42_f093,pythia-160m,enron,2000,2,5e-05,42,loss,0.6944217500000001,0.0105,0.0005,0.355,0.3470000000000002,0.29990821963743086,0.3872390861195644,0.5090322029430983,0.3872390861195644,0.03223908611956444,0.9167463015094239,100.0,0.2935656524279126,0.3831224689494944,0.29990821963743086,0.3872390861195644,0.30730647991182664,0.3919862752137035,0.31919472564672025,0.3994963864959984,0.67710551875,0.71185368125,0.006,0.017,0.0,0.003,0.32748750000000004,0.3845,0.3169874999999999,0.3760125000000005,0.26616989456685797,0.3572173569261319,0.3648080958403614,0.42262119721476954,0.4834160467141349,0.5480689569125508,0.3648080958403614,0.42262119721476954,0.021908030755051325,0.05111133729413748,0.872811647635834,0.9430732566367411,2000,2000,45.27979043479479,0.37760020531630206
pythia160m_enron_N2000_lr5e-5_seed42_f093,pythia-160m,enron,2000,2,5e-05,42,ref,0.813201875,0.0115,0.0015,0.5405,0.522,0.8042307749913404,0.634125687459253,0.7433491978336888,0.634125687459253,0.09362568745925304,0.8523546840778798,100.0,0.7897227324748853,0.6283799537202334,0.8042307749913404,0.634125687459253,0.8641804667687588,0.6573357082833545,0.8849902438784412,0.6652030681973893,0.7992972625,0.8262455249999999,0.005,0.017,0.0,0.0035,0.52,0.5665125,0.5049874999999999,0.5570125,0.7640174616218868,0.9232156460304696,0.6180685485716644,0.6794172621798221,0.7308957762468792,0.7763764444410148,0.6180685485716644,0.6794172621798221,0.08265087906309547,0.12919517598239175,0.8059176404691276,0.8686622937514745,2000,2000,45.27979043479479,0.37760020531630206
pythia160m_enron_N2000_lr5e-5_seed42_f093,pythia-160m,enron,2000,2,5e-05,42,zlib,0.57472425,0.0105,0.0015,0.10299999999999998,0.10850000000000015,0.04753051068043122,0.15415983698815852,0.21544981255021087,0.15415983698815852,0.05115983698815854,0.668137707021004,100.0,0.04548154587358409,0.15080044077121277,0.04753051068043122,0.15415983698815852,0.051737177873183444,0.16083715036207188,0.07053957275230167,0.187802519621412,0.5567546562500001,0.59340549375,0.0035,0.019512499999999988,0.0,0.0035,0.084,0.1395,0.08650000000000006,0.13851250000000012,0.03697683887490372,0.07071783763509404,0.13597212741031617,0.18803967144816564,0.1905296422052085,0.2612953227527654,0.13597212741031617,0.18803967144816564,0.02965160001451971,0.07065545038051035,0.5664459429214308,0.812859244449264,2000,2000,45.27979043479479,0.37760020531630206
pythia160m_enron_N2000_lr5e-5_seed42_f093,pythia-160m,enron,2000,2,5e-05,42,mink,0.7617805000000001,0.011,0.0005,0.44400000000000006,0.4354999999999999,0.5206909368046273,0.5102405985437788,0.6370950370863133,0.5102405985437788,0.06624059854377873,0.8701777186432662,100.0,0.5038826251872723,0.501937558460847,0.5206909368046273,0.5102405985437788,0.6210756794200449,0.5572592212875642,0.621369142737984,0.5573908605000553,0.7458368062499999,0.7774613374999999,0.006,0.0175,0.0,0.003,0.4174875,0.47301249999999995,0.409,0.4674999999999995,0.47166135382005864,0.6128988656921036,0.4856240077259098,0.5535787493742177,0.6132171063353166,0.6769209326218701,0.4856240077259098,0.5535787493742177,0.0541380711301379,0.09456707488459294,0.8246820338047214,0.8922467722884031,2000,2000,45.27979043479479,0.37760020531630206
pythia160m_enron_N2000_lr5e-5_seed42_f093,pythia-160m,enron,2000,2,5e-05,42,minkpp,0.86833975,0.0115,0.002,0.659,0.2985000000000003,0.43962505810264596,0.4688416886874747,0.5964243937027851,0.4688416886874747,-0.1901583113125253,1.4055917293636466,100.0,0.9368233769800199,0.6844060844922479,0.43962505810264596,0.4688416886874747,0.971639074534878,0.6970075589743909,1.10509286985267,0.7433346722212916,0.8547778500000001,0.88022096875,0.0065,0.0185,0.0,0.0045,0.636,0.6840125,0.27800000000000025,0.6595125000000008,0.3882401539709741,1.178862170250711,0.4405906001063602,0.7677441373190205,0.5672306060253275,0.8320885696100404,0.4405906001063602,0.7677441373190205,-0.2163315594685972,0.1015850769782945,0.8673983825311911,1.48272311939685,2000,2000,45.27979043479479,0.37760020531630206
pythia160m_enron_N2000_lr5e-5_seed42_f093,pythia-160m,enron,2000,2,5e-05,42,rmia,0.8131976249999999,0.0115,0.0015,0.5405,0.5365000000000002,0.8268552958366522,0.6429833963006557,0.7500515377818877,0.6429833963006557,0.10248339630065573,0.8406126862835273,100.0,0.8223617191953441,0.6412338571829096,0.8268552958366522,0.6429833963006557,0.8408450264351769,0.6483999639247279,0.8500172021650634,0.6519268372160573,0.799262653125,0.826250078125,0.005987500000000012,0.018,0.0,0.0035,0.5195,0.5660124999999999,0.515,0.56,0.7699314641192894,0.9003859372942012,0.6204560649082759,0.6709642081426923,0.7327722635921663,0.7704461177156714,0.6204560649082759,0.6709642081426923,0.08748368509799322,0.11857723366986546,0.8181316790802455,0.8629378697405916,2000,2000,45.27979043479479,0.37760020531630206
pythia160m_enron_N2000_lr5e-5_seed42_f093,pythia-160m,enron,2000,3,5e-05,42,loss,0.7797704999999999,0.0145,0.0035,0.5095,0.5034999999999996,0.6434429219133874,0.5672049549824946,0.6888540346081127,0.5672049549824946,0.057704954982494616,0.8982643672704242,100.0,0.6188902369941911,0.5562779148025702,0.6434429219133874,0.5672049549824946,0.655819472405631,0.5726340333955148,0.6725234194554045,0.5798807719934351,0.764771175,0.79576791875,0.008,0.0205,0.0,0.0065,0.4859875,0.5370125,0.47550000000000003,0.5284999999999996,0.5864095447522004,0.7208898507434606,0.5414838552746841,0.6003706565625513,0.666092212917529,0.7167152070469719,0.5414838552746841,0.6003706565625513,0.04623424591347659,0.07190898035322145,0.8753454240190262,0.9160624632480336,2000,2000,47.762640620760656,0.400086083137062
pythia160m_enron_N2000_lr5e-5_seed42_f093,pythia-160m,enron,2000,3,5e-05,42,ref,0.8767699999999999,0.0135,0.002,0.7070000000000001,0.7004999999999997,1.3510481602370008,0.8219027193765089,0.8608317619204372,0.8219027193765089,0.11490271937650887,0.8601991249479337,100.0,1.3207920757610367,0.8126475483753817,1.3510481602370008,0.8219027193765089,1.3639072667738585,0.8258048397696209,1.4438248350316445,0.8496542929426193,0.864959275,0.888207525,0.008,0.022,0.0005,0.005,0.6895,0.7285,0.6744874999999997,0.7194999999999997,1.274163131253959,1.4550045331723465,0.7981738940741241,0.852937433798544,0.8487255658334644,0.8755573614468323,0.7981738940741241,0.852937433798544,0.09762721392407352,0.1348190054300134,0.840268467396798,0.8792475374206126,2000,2000,47.762640620760656,0.400086083137062
pythia160m_enron_N2000_lr5e-5_seed42_f093,pythia-160m,enron,2000,3,5e-05,42,zlib,0.62686925,0.024,0.002,0.177,0.16699999999999995,0.11193537656804817,0.23657491051255644,0.3254196743046087,0.23657491051255644,0.05957491051255645,0.7481773938602232,100.0,0.1098423914211781,0.2343527164566032,0.11193537656804817,0.23657491051255644,0.12312882531726949,0.24812176982005174,0.15554520854900922,0.2788774000784298,0.60932201875,0.64484575,0.0115,0.04352499999999997,0.0,0.0075,0.1525,0.211,0.14548749999999996,0.20099999999999998,0.093547353502126,0.14550804995213074,0.21627222780739433,0.2697295394886596,0.29883960197530707,0.36799058241136806,0.21627222780739433,0.2697295394886596,0.039887258427532456,0.08150601029382926,0.6688541713541611,0.8298081349475144,2000,2000,47.762640620760656,0.400086083137062
pythia160m_enron_N2000_lr5e-5_seed42_f093,pythia-160m,enron,2000,3,5e-05,42,mink,0.8457905,0.0145,0.004,0.6065,0.5979999999999991,1.062715517758592,0.7289429050887978,0.8090016812973904,0.7289429050887978,0.12244290508879774,0.8320267551353941,100.0,1.0387177684608326,0.7206655841861858,1.062715517758592,0.7289429050887978,1.078910733215088,0.7344762532631971,1.0850707177756331,0.7365699959187969,0.8327830625,0.8589091875,0.0075,0.0205,0.0,0.007,0.584,0.632,0.5734999999999991,0.6235,0.9818659536952138,1.1803642492362352,0.7006660300976674,0.7682331155861482,0.7908150144403788,0.8323660004314881,0.7006660300976674,0.7682331155861482,0.10575003930330258,0.14795086322327797,0.8037251149310308,0.8526196508935587,2000,2000,47.762640620760656,0.400086083137062
pythia160m_enron_N2000_lr5e-5_seed42_f093,pythia-160m,enron,2000,3,5e-05,42,minkpp,0.9114320000000001,0.015,0.0035,0.7685,0.015999999999999976,0.01523319820401574,0.0872731293240243,0.12295430024283355,0.0872731293240243,-0.6812268706759756,8.805688600287757,100.0,0.007685260959516427,0.061988954498025,0.01523319820401574,0.0872731293240243,0.04538905976658838,0.15064703741957286,0.30486341014469787,0.39042503130863543,0.89985713125,0.92208513125,0.0065,0.0235,0.0,0.0065,0.752,0.791,0.011499999999999977,0.7720125000000008,0.010648636471985756,1.5734003605328275,0.07296791975698946,0.8869612041182136,0.10291811600183788,0.8903151357569931,0.07296791975698946,0.8869612041182136,-0.7042861398533828,0.10375987020134622,0.8820238475733875,10.582270547099258,2000,2000,47.762640620760656,0.400086083137062
pythia160m_enron_N2000_lr5e-5_seed42_f093,pythia-160m,enron,2000,3,5e-05,42,rmia,0.8767406249999999,0.013,0.002,0.7065,0.7054999999999999,1.3453495913194966,0.8201675412132258,0.8599717196753157,0.8201675412132258,0.11366754121322575,0.8614093639391239,100.0,1.3154057298594402,0.8109888192384159,1.3453495913194966,0.8201675412132258,1.3610237481757859,0.8249314359920422,1.3829499991066794,0.8315497577134754,0.86492651875,0.8881753031249999,0.0085,0.022012499999999987,0.0005,0.006012499999999988,0.6895,0.7280125,0.6850000000000002,0.7255,1.270103249628629,1.4396801973378202,0.7969012631127981,0.8484339094231534,0.8480550510720132,0.8734966852011135,0.7969012631127981,0.8484339094231534,0.09847253760582456,0.12941270493763438,0.8457771256762858,0.8776926901598532,2000,2000,47.762640620760656,0.400086083137062
pythia160m_enron_N2000_lr5e-5_seed42_f093,pythia-160m,enron,2000,5,5e-05,42,loss,0.8811992500000001,0.0205,0.001,0.7025,0.7009999999999996,1.4080892175483453,0.839073661113357,0.8691316161358502,0.839073661113357,0.136573661113357,0.8372328110834286,100.0,1.3986790823205324,0.8362652337388338,1.4080892175483453,0.839073661113357,1.4369428962842032,0.8476269510475122,1.4460058515156724,0.8502957872163287,0.8693099875,0.8930330625,0.009,0.036,0.0,0.0035,0.6825,0.7275,0.6764874999999998,0.7224999999999996,1.3146799107896776,1.538999925666238,0.8107650432208895,0.8772114689470049,0.8552424960957521,0.8862304395133197,0.8107650432208895,0.8772114689470049,0.11770583437257054,0.16034520130005508,0.8153243198372387,0.8564816912504915,2000,2000,69.28376847046464,0.4184282074657071
pythia160m_enron_N2000_lr5e-5_seed42_f093,pythia-160m,enron,2000,5,5e-05,42,ref,0.922954,0.0215,0.009,0.8360000000000001,0.8335,2.055511156951241,1.0137828063622012,0.9337947436318589,0.9337947436318589,0.0977947436318588,0.8952716918800588,100.0,1.9683568264071358,0.9275310256752594,2.055511156951241,0.9337947436318589,2.0699598486929447,0.9347775947620797,2.1016914022389823,0.9368834077719814,0.9126021750000001,0.93318508125,0.0135,0.0305,0.004,0.0175,0.821,0.854,0.8154999999999999,0.8489999999999998,1.9342286036340528,2.2196736681768807,0.9834196949420919,1.0534879373179,0.9249131166052035,0.9441162231253366,0.9249131166052035,0.9441162231253366,0.08609807206154452,0.10792031671890455,0.8841451465586654,0.9082570783659514,2000,2000,69.28376847046464,0.4184282074657071
pythia160m_enron_N2000_lr5e-5_seed42_f093,pythia-160m,enron,2000,5,5e-05,42,zlib,0.73578675,0.0595,0.002,0.3345,0.3175000000000003,0.35132788239641255,0.41912282352337515,0.5442858000969902,0.41912282352337515,0.08462282352337513,0.7980954059910422,100.0,0.32840766815856254,0.40522072266763615,0.35132788239641255,0.41912282352337515,0.3677443687347157,0.42880320004328076,0.4058876898387199,0.45049289108637436,0.7203797875000001,0.75126201875,0.015487500000000012,0.08551249999999999,0.0,0.005012499999999988,0.3105,0.367,0.2910000000000003,0.3470125000000011,0.30627158975185226,0.39750853023549865,0.39132568107459337,0.4458186459510316,0.5136276229317042,0.5727196430557,0.39132568107459337,0.4458186459510316,0.06127010586520969,0.0940011312637515,0.7738062777611223,0.8520266771398187,2000,2000,69.28376847046464,0.4184282074657071
pythia160m_enron_N2000_lr5e-5_seed42_f093,pythia-160m,enron,2000,5,5e-05,42,mink,0.91553625,0.023,0.001,0.7795000000000001,0.7765000000000004,2.043379283885107,1.0107866451148597,0.9329576364707753,0.9329576364707753,0.15345763647077526,0.835514893204283,100.0,1.9471413407180096,0.9259150249546346,2.043379283885107,0.9329576364707753,2.0566552605189643,0.933873126314689,2.0924411144379107,0.9362768983623312,0.904278025,0.92623360625,0.009987500000000012,0.03651249999999999,0.0,0.0035,0.7614875,0.8010125,0.7564875000000005,0.7970000000000005,1.8992445796164437,2.2266250455281655,0.9744856539508694,1.055136257243501,0.9221270795513815,0.9445147176122124,0.9221270795513815,0.9445147176122124,0.13613563972637907,0.16658727750949065,0.8212127959111626,0.8544621306369632,2000,2000,69.28376847046464,0.4184282074657071
pythia160m_enron_N2000_lr5e-5_seed42_f093,pythia-160m,enron,2000,5,5e-05,42,minkpp,0.9513615000000001,0.028,0.004,0.896,0.04950000000000009,0.04932138115207819,0.15703722672041523,0.21937373179529931,0.15703722672041523,-0.7389627732795848,5.705653485559917,100.0,0.030907484578634098,0.12431308173043193,0.04932138115207819,0.15703722672041523,0.12444954710900072,0.24944893977425592,0.43623489795106274,0.46703045829531437,0.94299575625,0.9592500937499999,0.0125,0.037,0.0,0.009,0.8825,0.9090125,0.04100000000000015,0.23253750000000006,0.04066029147822471,0.26773638504869524,0.14258381961957053,0.36588002397530556,0.19961150337541456,0.48465508347674935,0.14258381961957053,0.36588002397530556,-0.7549886321208916,-0.5272695477887356,2.4460204596617716,6.279528090950914,2000,2000,69.28376847046464,0.4184282074657071
pythia160m_enron_N2000_lr5e-5_seed42_f093,pythia-160m,enron,2000,5,5e-05,42,rmia,0.922990375,0.0205,0.0075,0.8360000000000001,0.835,1.963287728180245,0.9907794225205339,0.9271482744588844,0.9271482744588844,0.09114827445888429,0.9016896466618767,100.0,1.8355970484607524,0.9167779266456116,1.963287728180245,0.9271482744588844,2.009961205958516,0.9305945020620772,2.02996287369327,0.9320190999964266,0.912646175,0.933207178125,0.0145,0.0305,0.0045,0.018012499999999987,0.8205,0.854,0.819,0.8520000000000002,1.851400370868195,2.110220389101686,0.962133143191665,1.0271855694877565,0.9181409857256129,0.9374373310924954,0.9181409857256129,0.9374373310924954,0.08039603681859271,0.10030601137843384,0.8912893820523221,0.91372825792477,2000,2000,69.28376847046464,0.4184282074657071
pythia160m_enron_N2000_lr5e-5_seed42_f093,pythia-160m,enron,2000,10,5e-05,42,loss,0.95879075,0.074,0.004,0.8945000000000001,0.8855000000000003,2.471260346761061,1.111589030793544,0.9568289711851875,0.9568289711851875,0.06232897118518743,0.9348588169231719,100.0,2.4337249067974134,0.9551389880111111,2.471260346761061,0.9568289711851875,2.460222545218585,0.9563388834806582,2.591901098628679,0.9618328570640832,0.9511506437499999,0.9660481249999999,0.0285,0.10351249999999998,0.0,0.008,0.8815,0.9095,0.8715000000000002,0.9015,2.319009220649876,2.6471110265165216,1.0768029540004151,1.1504588272331209,0.9495414632575676,0.9639213568872126,0.9495414632575676,0.9639213568872126,0.053548331163083815,0.07028774879501595,0.9263143414914278,0.9442791718937611,2000,2000,472.8334628296099,0.4332361110739807
pythia160m_enron_N2000_lr5e-5_seed42_f093,pythia-160m,enron,2000,10,5e-05,42,ref,0.96100075,0.1475,0.099,0.8975000000000001,0.8850000000000003,3.3697783047404215,1.2980328009608273,0.982650872788389,0.982650872788389,0.08515087278838895,0.9133457516332701,100.0,2.7079596676767763,0.9660886592328986,3.3697783047404215,0.982650872788389,3.3858886640168477,0.9829305418609325,3.381073527800733,0.9828474329937599,0.9539261,0.96813558125,0.1274875,0.17952499999999996,0.075,0.11651249999999999,0.8845,0.912,0.8714999999999997,0.9069999999999995,2.748219312883719,3.6304509782135845,1.172224234534003,1.3473030220333129,0.9674493276450247,0.9866588819508698,0.9674493276450247,0.9866588819508698,0.06761557506782216,0.09583220755616931,0.902386350959268,0.9301423741935659,2000,2000,472.8334628296099,0.4332361110739807
pythia160m_enron_N2000_lr5e-5_seed42_f093,pythia-160m,enron,2000,10,5e-05,42,zlib,0.9474355000000001,0.3065,0.0245,0.779,0.7215,1.2498037870750913,0.7905073646320733,0.8446531724205559,0.7905073646320733,0.011507364632073247,0.9854430646102467,100.0,1.0487938786619977,0.7241525663359889,1.2498037870750913,0.7905073646320733,1.587424474307767,0.890905290787906,1.747435001702073,0.908724245601013,0.94040394375,0.95429219375,0.1539875,0.387525,0.01,0.037524999999999975,0.762,0.8005125,0.7015000000000001,0.759999999999999,1.1744015314482592,1.422503512880074,0.7662902620270585,0.8433574266982042,0.8312617797460573,0.8711431276475656,0.7662902620270585,0.8433574266982042,-0.008191923808346274,0.06150359865154534,0.9274701070369498,1.010585235636494,2000,2000,472.8334628296099,0.4332361110739807
pythia160m_enron_N2000_lr5e-5_seed42_f093,pythia-160m,enron,2000,10,5e-05,42,mink,0.9612349999999998,0.076,0.0045,0.903,0.9019999999999992,2.749891631541541,1.1725808354952636,0.9675046308179263,0.9675046308179263,0.06450463081792623,0.9333288660712723,100.0,2.6175930753461882,0.9628196586661221,2.749891631541541,0.9675046308179263,2.755607171935379,0.967692921447812,2.7667317748607894,0.9680562311653719,0.953536825,0.96848130625,0.031,0.1085,0.0,0.0085,0.8925,0.918,0.8890000000000007,0.9164999999999991,2.576337672147355,2.957440819377495,1.1349752570628826,1.2160264819653057,0.9612221264472217,0.9736777166816166,0.9612221264472217,0.9736777166816166,0.05320258751307776,0.0716104091641849,0.9256569580012715,0.945183020809958,2000,2000,472.8334628296099,0.4332361110739807
pythia160m_enron_N2000_lr5e-5_seed42_f093,pythia-160m,enron,2000,10,5e-05,42,minkpp,0.9854175000000001,0.426,0.024,0.9525,0.008500000000000013,0.008535537271899613,0.06532816112481513,0.09219117634665029,0.06532816112481513,-0.8871718388751849,14.58023589827006,100.0,0.005514607090697593,0.05251003280658656,0.008535537271899613,0.06532816112481513,0.014097897241227673,0.08395801701215815,0.024803733591626416,0.11136366910179103,0.98100424375,0.98948303125,0.2545,0.5575625,0.015987500000000012,0.05,0.944,0.9620124999999999,0.005499999999999919,0.05801249999999995,0.005514604211383467,0.05976169378913946,0.052510019098127754,0.1728607317553042,0.07415811954006117,0.24085469051671196,0.052510019098127754,0.1728607317553042,-0.9039929953015994,-0.7803615848816169,5.513442385821178,18.245369104061645,2000,2000,472.8334628296099,0.4332361110739807
pythia160m_enron_N2000_lr5e-5_seed42_f093,pythia-160m,enron,2000,10,5e-05,42,rmia,0.96106175,0.1475,0.0965,0.8975,0.8895000000000004,2.3134634594249275,1.0755146348202165,0.9492533598031727,0.9492533598031727,0.05175335980317275,0.9454799298114638,100.0,2.3602541938540504,0.9516321635978537,2.3134634594249275,0.9492533598031727,2.4227522172583993,0.9546322735390306,2.4590240073789578,0.9562853258555668,0.9540220281249999,0.96819419375,0.1294875,0.1810125,0.0775,0.1195,0.884,0.912,0.8754874999999999,0.9035000000000002,2.178801722699865,2.47018531340759,1.043743676076492,1.1113472258142465,0.9417127656936183,0.9567814870300916,0.9417127656936183,0.9567814870300916,0.04268687724780705,0.059267884447610386,0.9371963546282163,0.9551405077818821,2000,2000,472.8334628296099,0.4332361110739807
pythia160m_enron_N2000_lr5e-5_seed42_f093,pythia-160m,enron,2000,15,5e-05,42,loss,0.99081925,0.7235,0.0525,0.9445,0.9304999999999992,2.678076579597107,1.1571682201817304,0.9650413686306456,0.9650413686306456,0.020541368630645596,0.9787145201248802,100.0,2.553429989803285,0.960305000785157,2.678076579597107,0.9650413686306456,2.843120319142897,0.9704413205482693,3.157155101019739,0.9784954727149817,0.98753728125,0.9937821625,0.4819375,0.849,0.011,0.1435,0.935,0.9555125,0.9195000000000001,0.9415,2.531410732137551,2.8690669022198554,1.125035717656591,1.197720105128081,0.9594025630405727,0.9712096285021604,0.9594025630405727,0.9712096285021604,0.011684582190237736,0.026972078314831702,0.9721192700243989,0.9878712218891209,2000,2000,1076.8632093094238,0.4369895497210318
pythia160m_enron_N2000_lr5e-5_seed42_f093,pythia-160m,enron,2000,15,5e-05,42,ref,0.9698587500000001,0.2545,0.195,0.909,0.8925000000000001,3.437115777314923,1.31093778977397,0.983789967158699,0.983789967158699,0.07478996715869901,0.923977709007644,100.0,3.077798072183542,0.9766982302057713,3.437115777314923,0.983789967158699,3.6060429955468054,0.9863269725543171,4.091843988531748,0.9916106115580153,0.9638163624999999,0.975692975,0.22,0.291525,0.1365,0.215,0.896,0.9220125,0.882,0.9174999999999998,3.272472868423057,4.688734786618303,1.2791545762519163,1.5311327084603727,0.9808605607060036,0.9953902146865056,0.9808605607060036,0.9953902146865056,0.06445288758424932,0.0917109468842479,0.9073540428332453,0.9346488447103709,2000,2000,1076.8632093094238,0.4369895497210318
pythia160m_enron_N2000_lr5e-5_seed42_f093,pythia-160m,enron,2000,15,5e-05,42,zlib,0.99119475,0.785,0.2835,0.9205,0.7340000000000005,1.3221451009697103,0.8130636816909578,0.856409432492841,0.8130636816909578,-0.10743631830904221,1.1321376427558578,100.0,1.0629541748819127,0.729024750911076,1.3221451009697103,0.8130636816909578,1.816061986868391,0.9150600699063853,2.319981874452611,0.9495918244787928,0.9886713749999999,0.9935470062499999,0.682475,0.8600249999999999,0.1405,0.42103749999999995,0.9105,0.9340125,0.7170000000000005,0.7975124999999995,1.2605057095693466,1.595587286867649,0.7938846579088858,0.8931929469582349,0.8464569544313955,0.8928665061143035,0.7938846579088858,0.8928665061143035,-0.12897510824432676,-0.03298662135119896,1.036728986048984,1.1620102659289537,2000,2000,1076.8632093094238,0.4369895497210318
pythia160m_enron_N2000_lr5e-5_seed42_f093,pythia-160m,enron,2000,15,5e-05,42,mink,0.9912565,0.7375,0.067,0.9465,0.9444999999999992,3.2314529112943253,1.2711122907309027,0.9800509849067058,0.9800509849067058,0.03355098490670583,0.9657660821493897,100.0,3.113732785716038,0.9775301632824855,3.2314529112943253,0.9800509849067058,3.4919175401191187,0.9846611388875965,3.7547096848227826,0.9882270765864488,0.988063625,0.9941550625000001,0.5059875,0.8625,0.014,0.1655,0.938,0.9575,0.9344999999999993,0.9549999999999997,3.0252750806150464,3.5072395338938214,1.2298933044393652,1.3242430919874635,0.975425821990928,0.9848961579851475,0.975425821990928,0.9848961579851475,0.026435501797011023,0.038298716342970086,0.9607531747010614,0.9731431410965585,2000,2000,1076.8632093094238,0.4369895497210318
pythia160m_enron_N2000_lr5e-5_seed42_f093,pythia-160m,enron,2000,15,5e-05,42,minkpp,0.996965,0.929,0.5005,0.9695,0.008000000000000037,0.008031475259783557,0.06336984795540998,0.0894388569570215,0.06336984795540998,-0.90613015204459,15.299074106697969,100.0,0.007024041112966843,0.059262302996790646,0.008031475259783557,0.06336984795540998,0.012071758488882315,0.07769092124850341,0.01918153762787153,0.09793247068228068,0.9954009875,0.99824485625,0.85895,0.9740125,0.26948750000000005,0.6775125,0.964,0.9775,0.004999999999999978,0.026512499999999984,0.0050119767599380045,0.02686932431391138,0.05005984798188065,0.11590786221164738,0.07070670238070002,0.16282351022906272,0.05005984798188065,0.11590786221164738,-0.9229396592953487,-0.8544036219694584,8.335542893862653,19.406388387736133,2000,2000,1076.8632093094238,0.4369895497210318
pythia160m_enron_N2000_lr5e-5_seed42_f093,pythia-160m,enron,2000,15,5e-05,42,rmia,0.969855,0.2525,0.168,0.909,0.8930000000000003,2.534768378164059,1.125781590310496,0.9595415154458015,0.9595415154458015,0.05054151544580143,0.9473274322869502,100.0,2.526975153820036,0.9592182539106103,2.534768378164059,0.9595415154458015,2.54458324207042,0.9599449134907585,2.592143926017379,0.9618423077832579,0.963768728125,0.9756994687499999,0.2229875,0.2955,0.143,0.2215,0.8959875,0.922,0.8790000000000007,0.9070125000000004,2.3808636166576385,2.7206522903706216,1.0910691125352863,1.1663302009117738,0.9526433310563138,0.9665237686557555,0.9526433310563138,0.9665237686557555,0.041122887346121725,0.05881601953698833,0.9386244087649044,0.9573811227637844,2000,2000,1076.8632093094238,0.4369895497210318
pythia160m_enron_N2000_lr5e-5_seed42_f093,pythia-160m,enron,2000,20,5e-05,42,loss,0.99602525,0.9665,0.218,0.9705,0.9319999999999977,2.6882441515957773,1.1593627886894975,0.9654013503664186,0.9654013503664186,-0.00509864963358142,1.005281378187058,100.0,2.5639472966661394,0.9607287873505974,2.6882441515957773,0.9654013503664186,2.8666163098856017,0.971137939158596,3.233139536898159,0.9800849446295292,0.99387449375,0.99774743125,0.837,0.9815,0.118,0.36103749999999996,0.964,0.9785,0.9210000000000004,0.9430000000000004,2.538304051693449,2.8647006299833415,1.1265664764436782,1.196808386915663,0.9596873102154881,0.9710817716718362,0.9596873102154881,0.9710817716718362,-0.011655596639725752,0.0010226154992952657,0.9989445588760795,1.0120934527000645,2000,2000,1355.514237716079,0.4376632438371692
pythia160m_enron_N2000_lr5e-5_seed42_f093,pythia-160m,enron,2000,20,5e-05,42,ref,0.9713465000000001,0.274,0.2045,0.911,0.8970000000000005,3.4988100828540727,1.3226507632126616,0.9847673140425727,0.9847673140425727,0.07376731404257264,0.925091630285991,100.0,4.375328775799133,0.9936880776953186,3.4988100828540727,0.9847673140425727,4.371412655309331,0.9936632320141057,4.022027472193306,0.9910012095469434,0.9654584500000001,0.97701724375,0.2355,0.303,0.151,0.226,0.898,0.924,0.8859875000000004,0.9185000000000001,3.3257249964037574,4.771043284001254,1.2895202571245972,1.5445133877494694,0.9818622864064366,0.9957552192500724,0.9818622864064366,0.9957552192500724,0.06410362794861117,0.09056339674212724,0.9088985398188685,0.9349946536817284,2000,2000,1355.514237716079,0.4376632438371692
pythia160m_enron_N2000_lr5e-5_seed42_f093,pythia-160m,enron,2000,20,5e-05,42,zlib,0.996027,0.9095,0.5075,0.9570000000000001,0.737999999999999,1.3370876512237304,0.8176452932732293,0.8587145241407875,0.8176452932732293,-0.13935470672677075,1.1704341820019541,100.0,1.0820169239198059,0.735532774225529,1.3370876512237304,0.8176452932732293,1.8504110413410473,0.9180563443388944,2.3399672714551,0.9506151740081169,0.99444624375,0.99741413125,0.82895,0.9435125,0.415,0.6270249999999999,0.949,0.967,0.7200000000000013,0.7925250000000009,1.2705761103111708,1.5726980226802605,0.7970495939118701,0.8867632113267185,0.8481333159464199,0.8902333090886306,0.7970495939118701,0.8867632113267185,-0.16110031128557237,-0.06939612512146535,1.077900382580098,1.201732711670399,2000,2000,1355.514237716079,0.4376632438371692
pythia160m_enron_N2000_lr5e-5_seed42_f093,pythia-160m,enron,2000,20,5e-05,42,mink,0.996286,0.972,0.253,0.971,0.963000000000001,3.3276844100918104,1.2899000756050467,0.9818981193305227,0.9818981193305227,0.01089811933052276,0.9889009673040688,100.0,3.1542444560281946,0.9784320986391692,3.3276844100918104,0.9818981193305227,3.605070784593319,0.9863135807495819,4.321677273809011,0.9933390183146982,0.99424934375,0.99792076875,0.8529875,0.9845,0.1545,0.3895125,0.9655,0.9795,0.9545000000000001,0.9714999999999991,3.113606547696352,3.5858825927141607,1.2477192287669499,1.339007578901345,0.9775272939446829,0.9860465515126589,0.9775272939446829,0.9860465515126589,0.004174034197697797,0.014482807199406887,0.9852493438127736,0.9957539200222819,2000,2000,1355.514237716079,0.4376632438371692
pythia160m_enron_N2000_lr5e-5_seed42_f093,pythia-160m,enron,2000,20,5e-05,42,minkpp,0.9987085,0.9845,0.7345,0.9805,0.002499999999999915,0.002502689994245959,0.035374355077131506,0.049995608573057924,0.035374355077131506,-0.9451256449228685,27.717819812179837,100.0,0.0020016708450820353,0.031635983034213076,0.002502689994245959,0.035374355077131506,0.0035055863016464576,0.04186637255391526,0.004509486117782848,0.047484134812497365,0.99786319375,0.9993357500000001,0.9515,0.995,0.444,0.83755,0.9745,0.986,0.0010000000000000217,0.018499999999999902,0.0010002837375562286,0.01867231538271806,0.02236385183232339,0.096623794643749,0.03161935515701283,0.13601127780255698,0.02236385183232339,0.096623794643749,-0.9581072986179102,-0.8841973509647444,10.173315975608643,43.77655992985042,2000,2000,1355.514237716079,0.4376632438371692
pythia160m_enron_N2000_lr5e-5_seed42_f093,pythia-160m,enron,2000,20,5e-05,42,rmia,0.971338625,0.2695,0.186,0.9105000000000001,0.8970000000000007,2.6003092217811052,1.140243224444045,0.9621587110467935,0.9621587110467935,0.051658711046793426,0.9463095740300572,100.0,2.5467307045248018,0.9600326266468896,2.6003092217811052,0.9621587110467935,2.5722671498798135,0.9610607554062907,2.626551278036376,0.9631575831882507,0.9654450656250001,0.977001940625,0.2384875,0.3055,0.1555,0.2380125,0.8974875,0.923,0.8830000000000006,0.9100125000000006,2.436625249403155,2.78417408824893,1.1037719984453194,1.1798673822479058,0.9552719536211448,0.9686175220286729,0.9552719536211448,0.9686175220286729,0.04236553884576488,0.060045662111144975,0.9374461632539947,0.9559809260805084,2000,2000,1355.514237716079,0.4376632438371692
pythia160m_enron_N500_lr5e-5_seed42_b410,pythia-160m,enron,500,1,5e-05,42,loss,0.6411800000000001,0.014,0.0,0.255,0.2529999999999997,0.16109174693760905,0.28380604903490786,0.38572792062620725,0.28380604903490786,0.028806049034907855,0.898500933532376,25.0,0.1537621642011418,0.27727438053410364,0.16109174693760905,0.28380604903490786,0.17683847874594022,0.29735372769307955,0.1948365486445601,0.3121190066661754,0.6156720250000001,0.6673372,0.004,0.026,0.0,0.01,0.2174875,0.3085,0.21149999999999983,0.30251250000000024,0.13246138095002177,0.24251194399807147,0.25735321853915455,0.34821828024741486,0.3522260847412494,0.46405346846463397,0.25735321853915455,0.34821828024741486,0.01655466626007776,0.06689346845051382,0.7843824632633506,0.9449880312301497,500,2000,73.85704872022566,0.31132560581064
pythia160m_enron_N500_lr5e-5_seed42_b410,pythia-160m,enron,500,1,5e-05,42,ref,0.7851349999999998,0.014,0.002,0.4795,0.4850000000000001,0.6663005748366113,0.5771917250085153,0.697420166575079,0.5771917250085153,0.09769172500851536,0.8307464906793768,25.0,0.5854542812760631,0.5410426421623638,0.6663005748366113,0.5771917250085153,0.6526994313629504,0.5712702650072689,0.7274502070495378,0.6030962638955484,0.7658202,0.80442075,0.004,0.026,0.0,0.01,0.44998750000000004,0.5155124999999999,0.4439874999999999,0.5160125000000001,0.585239833058948,0.8920094619057867,0.5409435401641446,0.6678358562869773,0.6656032815765773,0.7682243264651646,0.5409435401641446,0.6678358562869773,0.06910492890543898,0.17934961538402863,0.7220926233421447,0.8750837703393919,500,2000,73.85704872022566,0.31132560581064
pythia160m_enron_N500_lr5e-5_seed42_b410,pythia-160m,enron,500,1,5e-05,42,zlib,0.547821,0.026,0.0,0.07450000000000001,0.08750000000000005,0.03124602702792883,0.12499205380328948,0.17539359959655168,0.12499205380328948,0.05049205380328947,0.596037889874559,25.0,0.027361262092884697,0.11696422977321891,0.03124602702792883,0.12499205380328948,0.03483104567993835,0.13196788563877643,0.05502150108244265,0.16586365045187365,0.5205726,0.575482425,0.012,0.044,0.0,0.014,0.052,0.131,0.06750000000000016,0.1389999999999997,0.026757230236328894,0.07233342190561216,0.11566596243707204,0.19017546199911342,0.1624882352709081,0.26415772249103014,0.11566596243707204,0.19017546199911342,0.029409684069361307,0.10028364519452458,0.3710785586547783,0.8022336562934436,500,2000,73.85704872022566,0.31132560581064
pythia160m_enron_N500_lr5e-5_seed42_b410,pythia-160m,enron,500,1,5e-05,42,mink,0.721677,0.018,0.006,0.362,0.3529999999999996,0.3698466433125996,0.43002711734994087,0.5560213417765278,0.43002711734994087,0.06802711734994088,0.8418073777087346,25.0,0.31724708140621627,0.39827570940632084,0.3698466433125996,0.43002711734994087,0.34600768925494724,0.4159373085303525,0.351222426594755,0.419059916118659,0.697354075,0.745591825,0.006,0.034049999999999955,0.0,0.014,0.32498750000000004,0.410525,0.30746249999999975,0.3985249999999999,0.2848527325901716,0.485965595464838,0.3773941778737494,0.4929328478306887,0.4978704536362292,0.6204006926168562,0.3773941778737494,0.4929328478306887,0.030797664647922402,0.11110637158503005,0.764150547204951,0.9235854800362676,500,2000,73.85704872022566,0.31132560581064
pythia160m_enron_N500_lr5e-5_seed42_b410,pythia-160m,enron,500,1,5e-05,42,minkpp,0.781481,0.016,0.006,0.471,0.4459999999999991,0.47423088781440936,0.48694501117395655,0.6145213260578619,0.48694501117395655,0.01594501117395658,0.9672550066063612,25.0,0.196517929972073,0.31346286061675077,0.47423088781440936,0.48694501117395655,0.531863514713387,0.5156857156802905,0.6088268845364859,0.5517367508769404,0.757904925,0.8047553249999999,0.004,0.026,0.0,0.014,0.4354875,0.5175124999999999,0.3324999999999993,0.494499999999999,0.398344285534786,0.6808420392184956,0.4462870631772061,0.5834558916119487,0.5732095393820831,0.7027153865843124,0.4462870631772061,0.5834558916119487,-0.01184955109807268,0.10010371377032087,0.8239224306878742,1.0255925952585248,500,2000,73.85704872022566,0.31132560581064
pythia160m_enron_N500_lr5e-5_seed42_b410,pythia-160m,enron,500,1,5e-05,42,rmia,0.7851815,0.014,0.002,0.479,0.46500000000000014,0.6032471063968452,0.5492026522135728,0.6730286201615893,0.5492026522135728,0.0702026522135728,0.8721735011099827,25.0,0.5995993429091151,0.5475396528604641,0.6032471063968452,0.5492026522135728,0.6293925952840121,0.5609779832061202,0.6490414233112891,0.5696671937681198,0.7658584625,0.804453125,0.004,0.026,0.0,0.010049999999999955,0.449,0.5155,0.43548749999999997,0.5035000000000001,0.5482286409718167,0.720772801241819,0.523559280593184,0.6003219135518257,0.6496362815228872,0.7166754913952957,0.523559280593184,0.6003219135518257,0.05625217016576406,0.10172134137339259,0.8219434870085981,0.8979569149713769,500,2000,73.85704872022566,0.31132560581064
pythia160m_enron_N500_lr5e-5_seed42_b410,pythia-160m,enron,500,2,5e-05,42,loss,0.7475839999999999,0.016,0.0,0.4355,0.4335000000000003,0.4913986131608196,0.49568064979420956,0.6230809211068858,0.49568064979420956,0.06018064979420956,0.8785898747122878,25.0,0.45527492624053717,0.4771136794520448,0.4913986131608196,0.49568064979420956,0.5106227053194187,0.5052834379432096,0.5357477115989254,0.5175653154911588,0.72427345,0.76936695,0.004,0.026,0.0,0.002,0.39898750000000005,0.483,0.39246250000000055,0.47751250000000023,0.4268166748234024,0.6094274036579207,0.4619614024973184,0.5520087868446302,0.5894207527567383,0.6755278816164098,0.4619614024973184,0.5520087868446302,0.04242788818110391,0.09385301528728524,0.8213246582563716,0.911446613270687,500,2000,69.00906998021652,0.34048325584384975
pythia160m_enron_N500_lr5e-5_seed42_b410,pythia-160m,enron,500,2,5e-05,42,ref,0.902693,0.012,0.002,0.71,0.7080000000000001,1.5233477337663102,0.8727392891827176,0.8843184256794206,0.8727392891827176,0.16273928918271763,0.8135304652834916,25.0,1.4683868165146436,0.8568508669875533,1.5233477337663102,0.8727392891827176,1.5386392302592617,0.8771086677998519,1.531619003774315,0.8751054232989061,0.89113545,0.91389615,0.002,0.022,0.0,0.008,0.6875,0.7395,0.6704874999999999,0.7345125,1.3981821245042767,1.802768139486217,0.8361166525959214,0.9494124844116918,0.8677294145752011,0.9138698178440154,0.8361166525959214,0.9138698178440154,0.13078309697898383,0.19736957824118992,0.7815261249410369,0.846233821474971,500,2000,69.00906998021652,0.34048325584384975
pythia160m_enron_N500_lr5e-5_seed42_b410,pythia-160m,enron,500,2,5e-05,42,zlib,0.593803,0.044,0.008,0.1405,0.1284999999999999,0.07913288162862195,0.1989131489226164,0.27583120803711914,0.1989131489226164,0.0584131489226164,0.7063384233822522,25.0,0.08670112017990353,0.20820797316613926,0.07913288162862195,0.1989131489226164,0.109447660438906,0.23393125105349435,0.1270280492425051,0.25201988933664055,0.5666964250000001,0.61991295,0.027950000000000048,0.068,0.0,0.022,0.107,0.1925125,0.1085,0.19152500000000003,0.0618195854104612,0.1325148184737858,0.17581180781820174,0.25740514008530546,0.24484184160608735,0.3522925472323463,0.17581180781820174,0.25740514008530546,0.035010653559394034,0.10560775345060278,0.5443424873199731,0.8335645070328693,500,2000,69.00906998021652,0.34048325584384975
pythia160m_enron_N500_lr5e-5_seed42_b410,pythia-160m,enron,500,2,5e-05,42,mink,0.8456419999999999,0.014,0.002,0.5775,0.5629999999999997,0.9992917978896992,0.7068563495823247,0.7948961778466371,0.7068563495823247,0.12935634958232467,0.8169976832509742,25.0,0.9540601569041263,0.6906736410578177,0.9992917978896992,0.7068563495823247,1.0133637020220505,0.7118158828032887,1.0414866820529871,0.7216254852944799,0.828299925,0.86194245,0.004,0.026,0.0,0.006,0.539475,0.6175,0.5264874999999999,0.6040249999999996,0.8871183128579828,1.1485394619911784,0.6660023688267618,0.7578058660823052,0.7669153518330639,0.8263778990951418,0.6660023688267618,0.7578058660823052,0.1022361334405374,0.16542918502739237,0.7726829661578293,0.8525277034524684,500,2000,69.00906998021652,0.34048325584384975
pythia160m_enron_N500_lr5e-5_seed42_b410,pythia-160m,enron,500,2,5e-05,42,minkpp,0.912787,0.02,0.0,0.7545,0.16250000000000028,0.16049403813664775,0.28327904805743026,0.38506765455908315,0.28327904805743026,-0.4712209519425697,2.6634514807005325,25.0,0.020390175852022782,0.10097072806517438,0.16049403813664775,0.28327904805743026,1.3256744035339216,0.8141481448526189,0.723046333273868,0.6012679657498261,0.898494275,0.92567665,0.006,0.034,0.0,0.002,0.7254750000000001,0.7865,0.13500000000000023,0.6820000000000002,0.12707043379024827,1.2773637986023927,0.2520619136913992,0.7991756844401302,0.3454393443960898,0.8492517638665033,0.2520619136913992,0.7991756844401302,-0.5099536653785577,0.03660341882490127,0.954750151193832,2.969000536473113,500,2000,69.00906998021652,0.34048325584384975
pythia160m_enron_N500_lr5e-5_seed42_b410,pythia-160m,enron,500,2,5e-05,42,rmia,0.902724,0.012,0.0,0.7095,0.7074999999999999,1.3658959447186425,0.8264066628236496,0.8630457858718877,0.8264066628236496,0.11690666282364959,0.8585361564920044,25.0,1.3924054188248274,0.8343876253950641,1.3658959447186425,0.8264066628236496,1.4371503647554975,0.8476881398118937,1.5123907528325748,0.8695949496267141,0.8912246625,0.913926725,0.004,0.022,0.0,0.010049999999999955,0.6874875,0.7390125,0.6815000000000002,0.7345124999999998,1.272567638639449,1.4901436732602187,0.7976740056586535,0.8631754350717334,0.8484624490100867,0.8801475527388716,0.7976740056586535,0.8631754350717334,0.09954035548279858,0.13733485779864307,0.8381390920823933,0.8771970397089834,500,2000,69.00906998021652,0.34048325584384975
pythia160m_enron_N500_lr5e-5_seed42_b410,pythia-160m,enron,500,3,5e-05,42,loss,0.83556,0.016,0.008,0.5874999999999999,0.5735000000000005,0.9088960582452427,0.6741276059639015,0.7726779195125681,0.6741276059639015,0.08662760596390162,0.8714967237693269,25.0,0.8817251260513556,0.6639748210780871,0.9088960582452427,0.6741276059639015,0.925205390821148,0.6801490244134546,0.9622479378762766,0.6936310034435732,0.8169909500000001,0.85236735,0.006,0.028,0.0,0.018,0.552,0.6265124999999999,0.5394875000000005,0.616512500000001,0.8133966913364593,1.0546787070943198,0.6377290494087474,0.7261813351343714,0.7460900786344887,0.807276682378269,0.6377290494087474,0.7261813351343714,0.07013060911614229,0.1160336917846183,0.835812525561253,0.8942004242405084,500,2000,74.36342641831126,0.3514505174297774
pythia160m_enron_N500_lr5e-5_seed42_b410,pythia-160m,enron,500,3,5e-05,42,ref,0.9455729999999999,0.016,0.002,0.839,0.8370000000000002,2.241217934810064,1.0585881953833756,0.9453417774607675,0.9453417774607675,0.10634177746076756,0.8875097028437624,25.0,2.2116746650116124,0.94365402006257,2.241217934810064,0.9453417774607675,2.475942927410528,0.9570351780001328,2.4396721947024425,0.9554112057463353,0.93671745,0.954022525,0.006,0.028,0.0,0.008,0.8164875,0.862,0.812,0.8605000000000002,2.102261931659995,2.696934715919996,1.0252467823328457,1.1612352488067568,0.9369206185859081,0.9657060245784138,0.9369206185859081,0.9657060245784138,0.09069628346200725,0.13136755121326193,0.8629080994762851,0.9045542840300329,500,2000,74.36342641831126,0.3514505174297774
pythia160m_enron_N500_lr5e-5_seed42_b410,pythia-160m,enron,500,3,5e-05,42,zlib,0.6482220000000001,0.08,0.022,0.21900000000000003,0.1934999999999999,0.15370899147626105,0.27722643405370007,0.37746320247183235,0.27722643405370007,0.05822643405370004,0.7899679579530237,25.0,0.1506731510263959,0.2744750908792963,0.15370899147626105,0.27722643405370007,0.16483391927907265,0.2870835412202105,0.21033189031453986,0.3242929927662174,0.6219324500000001,0.6725102749999999,0.05,0.116,0.0039500000000000455,0.04,0.1755,0.267,0.1625000000000001,0.24451249999999977,0.121217513131263,0.21131763809294346,0.24618845166446343,0.3250520240378372,0.3378738485480227,0.43644370293660334,0.24618845166446343,0.3250520240378372,0.03405562393578646,0.09575159672721076,0.6608290182152539,0.8784258547001648,500,2000,74.36342641831126,0.3514505174297774
pythia160m_enron_N500_lr5e-5_seed42_b410,pythia-160m,enron,500,3,5e-05,42,mink,0.916363,0.016,0.008,0.7170000000000001,0.7125000000000009,1.743086341558485,0.9335647651766011,0.9083063801322699,0.9083063801322699,0.19130638013226986,0.7893812216705872,25.0,1.6599727128387443,0.8999199028106224,1.743086341558485,0.9083063801322699,1.7681456446522823,0.9106870265071217,1.8259149299951498,0.9159311061819904,0.9043578750000001,0.92730045,0.006,0.028,0.0,0.018,0.6924875,0.752,0.6850000000000006,0.745,1.5945869564909845,1.9833948572137554,0.8929129089459856,0.9958400615216669,0.8927528335555571,0.9286542374569873,0.8927453803708362,0.9286542374569873,0.16628254929574438,0.21049419716388207,0.7684767498803685,0.8176303012027374,500,2000,74.36342641831126,0.3514505174297774
pythia160m_enron_N500_lr5e-5_seed42_b410,pythia-160m,enron,500,3,5e-05,42,minkpp,0.953483,0.024,0.002,0.8755,0.007500000000000021,0.007527581715446973,0.061349742116193824,0.08659861678868085,0.061349742116193824,-0.8141502578838061,14.270638633522532,25.0,0.007024043989756361,0.05926231513262185,0.007527581715446973,0.061349742116193824,0.012071659045493567,0.07769060125103154,0.0335555904957477,0.12952912895512675,0.9436636749999999,0.96201555,0.012,0.04404999999999995,0.0,0.018,0.858,0.8945124999999999,0.004500000000000062,0.5810500000000011,0.004509696935130176,0.8450200255102928,0.04748524473523421,0.6500076992880983,0.06707863684200652,0.7552822231266804,0.04748524473523421,0.6500076992880983,-0.8360186253609168,-0.23038128171357972,1.3558071385771158,18.344339273385533,500,2000,74.36342641831126,0.3514505174297774
pythia160m_enron_N500_lr5e-5_seed42_b410,pythia-160m,enron,500,3,5e-05,42,rmia,0.9455680000000001,0.016,0.002,0.8364999999999999,0.8284999999999999,2.012970343332386,1.0032373456297332,0.9308107902229305,0.9308107902229305,0.09431079022293054,0.898678881665797,25.0,1.9609400834853008,0.9269702991635834,2.012970343332386,0.9308107902229305,2.0995410747256154,0.9367429532692987,2.214037977645049,0.9437909869798644,0.936712075,0.95403165,0.006,0.028,0.0,0.008,0.8154875,0.8605,0.8060000000000003,0.8479999999999999,1.8807780343950855,2.174146581763768,0.9697365708349339,1.0426280690937533,0.9206131478220287,0.9414323391694254,0.9206131478220287,0.9414323391694254,0.07736708540660914,0.10772997761399775,0.8835043019065709,0.9171224944347892,500,2000,74.36342641831126,0.3514505174297774
pythia160m_enron_N500_lr5e-5_seed42_b410,pythia-160m,enron,500,5,5e-05,42,loss,0.9385190000000001,0.02,0.014,0.8155000000000001,0.8095000000000001,2.157751743340007,1.0386894972367842,0.9404335738410363,0.9404335738410363,0.1249335738410362,0.8671532181366443,25.0,2.1230894980260495,0.9382636285749053,2.157751743340007,0.9404335738410363,2.2202828353370627,0.9441512618882719,2.2645944946740415,0.9466402977316277,0.928268225,0.948113275,0.01,0.034049999999999955,0.0,0.026,0.7919875000000001,0.841,0.7819874999999991,0.834999999999999,1.9949589150440221,2.390157073604055,0.9987389323265554,1.0931964765664473,0.9295056506473247,0.9530921819037971,0.9295056506473247,0.9530921819037971,0.10632614172793599,0.14322183715862657,0.8470983530920132,0.8875641768173839,500,2000,136.86895842723374,0.36800987723094725
pythia160m_enron_N500_lr5e-5_seed42_b410,pythia-160m,enron,500,5,5e-05,42,ref,0.967994,0.016,0.006,0.923,0.9215000000000007,3.2082212021348373,1.2665348795305318,0.9795772233907549,0.9795772233907549,0.05657722339075488,0.9422432228518791,25.0,3.222684303313953,0.979873486433624,3.2082212021348373,0.9795772233907549,3.360942467845522,0.9824955279786503,3.4373905618482308,0.9837944574945507,0.9600206250000001,0.97462445,0.006,0.028,0.0,0.014,0.9105,0.9390124999999999,0.9075000000000003,0.9380000000000003,3.008274459766699,3.7564429252500733,1.2264327246062345,1.3704821964434453,0.9749990727597041,0.9882475833179627,0.9749990727597041,0.9882475833179627,0.04423671840851486,0.06802917186163679,0.9309791170307118,0.9550024281247083,500,2000,136.86895842723374,0.36800987723094725
pythia160m_enron_N500_lr5e-5_seed42_b410,pythia-160m,enron,500,5,5e-05,42,zlib,0.785625,0.22,0.108,0.406,0.378000000000001,0.47342478725481235,0.4865309791034957,0.6141128319148861,0.4865309791034957,0.08053097910349566,0.8344792365495703,25.0,0.4382911094153261,0.4681298481272723,0.47342478725481235,0.4865309791034957,0.5442876087400945,0.5216740403451635,0.726284061205452,0.6026126704631475,0.763376575,0.804772375,0.162,0.262,0.016,0.144,0.3665,0.4525125,0.34300000000000097,0.4205250000000011,0.41293678146679186,0.5592424348295959,0.4543879297774905,0.5287922221204777,0.5816320886248685,0.6544906700641577,0.4543879297774905,0.5287922221204777,0.055151539412416926,0.10529899237768528,0.7880496253524162,0.8878717254218301,500,2000,136.86895842723374,0.36800987723094725
pythia160m_enron_N500_lr5e-5_seed42_b410,pythia-160m,enron,500,5,5e-05,42,mink,0.962431,0.022,0.014,0.894,0.8900000000000007,3.091603651359253,1.2433027892189523,0.977021471815761,0.977021471815761,0.08302147181576103,0.9150259495715396,25.0,3.0538487974005313,0.9761265287829946,3.091603651359253,0.977021471815761,3.1357462365601636,0.9780248949635907,3.203636695762548,0.9794823972543707,0.9545686250000001,0.9697610249999999,0.01,0.036,0.0,0.026,0.8794875,0.9140125,0.8725000000000006,0.9095000000000005,2.863485320978173,3.508811212891495,1.1965544900871605,1.3245397279754643,0.9710460770370483,0.9849200344276036,0.9710460770370483,0.9849200344276036,0.06569460232929789,0.09716373428836907,0.9005277562779462,0.9329078423548702,500,2000,136.86895842723374,0.36800987723094725
pythia160m_enron_N500_lr5e-5_seed42_b410,pythia-160m,enron,500,5,5e-05,42,minkpp,0.9752010000000001,0.1,0.016,0.938,0.00550000000000002,0.005514611514912648,0.052510053870247785,0.07415816851226814,0.052510053870247785,-0.8854899461297522,17.863245814178665,25.0,0.004007571910171899,0.044763667801979205,0.005514611514912648,0.052510053870247785,0.009544718895629445,0.06908226579821135,0.01562034102080629,0.08837516908274148,0.969192775,0.9810207249999999,0.062,0.17,0.0,0.03804999999999995,0.9249875000000001,0.9515,0.003487499999999996,0.06951249999999992,0.003493050961796964,0.07204551050820744,0.04178863339036887,0.18979658342648587,0.059046468108864325,0.2636501982615952,0.04178863339036887,0.18979658342648587,-0.9034420598832292,-0.7472009683934163,4.898196190387151,22.74455229054454,500,2000,136.86895842723374,0.36800987723094725
pythia160m_enron_N500_lr5e-5_seed42_b410,pythia-160m,enron,500,5,5e-05,42,rmia,0.9680125,0.016,0.002,0.923,0.9025000000000006,2.8575373421007058,1.1953111189352974,0.9708707599719828,0.9708707599719828,0.04787075997198276,0.9506929635275407,25.0,2.738743134256663,0.9671341405550485,2.8575373421007058,0.9708707599719828,2.7847623365882512,0.9686362777016201,3.066888318631341,0.9764395384911301,0.96004475,0.97467125,0.006,0.028,0.0,0.016,0.9105,0.939,0.8885000000000006,0.9150000000000006,2.6577031934044655,3.070207533867321,1.1527582442936546,1.2389930336653863,0.9643085166295843,0.9765185410016721,0.9643085166295843,0.9765185410016721,0.035544178408922336,0.05717015692848773,0.9410855314388409,0.9635014196887639,500,2000,136.86895842723374,0.36800987723094725
pythia160m_enron_N500_lr5e-5_seed42_b410,pythia-160m,enron,500,10,5e-05,42,loss,0.980583,0.188,0.062,0.9405,0.9385000000000001,3.1978817728992825,1.2644923433732769,0.9793627320376227,0.9793627320376227,0.038862732037622694,0.960318347057411,25.0,3.144830615630241,0.9782258330628614,3.1978817728992825,0.9793627320376227,3.1745221928455947,0.9788697163676002,3.2960881137300637,0.9813115036854481,0.97548555,0.985514625,0.09395000000000005,0.3201499999999999,0.015950000000000047,0.084,0.9265,0.955,0.9239999999999999,0.9530124999999999,2.9806031049852817,3.4611609184061374,1.2207790630717752,1.3155152826572791,0.9742883405950549,0.984178187153077,0.9742883405950549,0.984178187153077,0.027370359168087575,0.05027949125162689,0.9486950694113118,0.9720587390782203,500,2000,1137.1260606263809,0.37211824823773915
pythia160m_enron_N500_lr5e-5_seed42_b410,pythia-160m,enron,500,10,5e-05,42,ref,0.9798420000000001,0.174,0.118,0.949,0.9430000000000003,3.738383995224852,1.3671839662651204,0.98803212452395,0.98803212452395,0.039032124523949996,0.9604950855795743,25.0,3.9327861902614307,0.9901570493014533,3.738383995224852,0.98803212452395,4.018597591871119,0.9909701509196878,4.291927968175582,0.9931371868517435,0.9742158,0.9849027,0.126,0.23,0.064,0.15204999999999996,0.9379875,0.961,0.9295000000000003,0.9525125000000004,3.4771301896054236,4.139496763304683,1.3185465837042112,1.4386620041863816,0.9844308253716952,0.9920025848617142,0.9844308253716952,0.9920025848617142,0.029291960673996708,0.0487388108474523,0.9506218359614902,0.970405306578773,500,2000,1137.1260606263809,0.37211824823773915
pythia160m_enron_N500_lr5e-5_seed42_b410,pythia-160m,enron,500,10,5e-05,42,zlib,0.977241,0.586,0.332,0.853,0.7729999999999986,1.4744998456548601,0.8586325889619087,0.878126881299394,0.8586325889619087,0.005632588961908769,0.9934400475426648,25.0,1.2121743771846492,0.77851601691444,1.4744998456548601,0.8586325889619087,2.1148061731757672,0.937733078340131,2.7745201700700752,0.9683081115980475,0.971501725,0.982475875,0.4679500000000001,0.68005,0.242,0.41,0.8324875,0.8830125,0.7524874999999988,0.8085375000000014,1.38694098055156,1.6657710759017497,0.8327487556558664,0.9126255939786956,0.8661186998522202,0.9005304422201809,0.8327487556558664,0.9005304422201809,-0.024017712364832983,0.046534306089686325,0.9477067434696987,1.0283012932559938,500,2000,1137.1260606263809,0.37211824823773915
pythia160m_enron_N500_lr5e-5_seed42_b410,pythia-160m,enron,500,10,5e-05,42,mink,0.982061,0.202,0.064,0.956,0.9539999999999994,3.368588314181087,1.2978035895660573,0.9826300326217541,0.9826300326217541,0.02663003262175412,0.9728992278500764,25.0,3.2992828584814493,0.9813716791621079,3.368588314181087,0.9826300326217541,3.337087293717898,0.9820690782027083,3.4143959634457177,0.9834143220170287,0.977320725,0.986911475,0.104,0.3540999999999999,0.016,0.088,0.9475,0.9655,0.9434999999999992,0.964000000000001,3.1529794676977847,3.675939097526138,1.2555834236765406,1.3557173453117835,0.9784044969360837,0.9872559841156859,0.9784044969360837,0.9872559841156859,0.02042285478813008,0.032360795680172354,0.9670192724502378,0.9792614163942974,500,2000,1137.1260606263809,0.37211824823773915
pythia160m_enron_N500_lr5e-5_seed42_b410,pythia-160m,enron,500,10,5e-05,42,minkpp,0.993919,0.792,0.164,0.972,0.006000000000000014,0.006017606549707173,0.05485255941935241,0.07745667833499893,0.05485255941935241,-0.9171474405806476,17.72023056515884,25.0,0.005012187574224061,0.05006090078206774,0.006017606549707173,0.05485255941935241,0.010049632898999482,0.07088593971655974,0.019181863043960287,0.09793330139426601,0.9912912749999999,0.996357625,0.5719000000000001,0.928,0.112,0.36604999999999993,0.9655,0.9815,0.0035000000000000144,0.07800000000000011,0.0035057919902210066,0.08120835382169055,0.04186760078044234,0.20150478135975994,0.059157872481690826,0.2792819921153381,0.04186760078044234,0.20150478135975994,-0.9336349764117327,-0.7701961694730914,4.820422170074312,23.26444728775041,500,2000,1137.1260606263809,0.37211824823773915
pythia160m_enron_N500_lr5e-5_seed42_b410,pythia-160m,enron,500,10,5e-05,42,rmia,0.979825,0.17,0.108,0.947,0.9470000000000002,3.0884591201953806,1.2426703344401886,0.9769482476094239,0.9769482476094239,0.02994824760942394,0.969345103302343,25.0,2.796878669718848,0.9690200372279624,3.0884591201953806,0.9769482476094239,3.099328493519277,0.9772003564346439,3.234490983671721,0.9801121134711895,0.9741381625,0.9849302999999999,0.126,0.23804999999999996,0.09,0.16,0.9375,0.96,0.9330000000000002,0.9580000000000001,2.881043111366775,3.3175109553709556,1.2002172950846357,1.287926813786199,0.9715573895920807,0.9817112967384227,0.9715573895920807,0.9817112967384227,0.020620987894565942,0.03543350855770526,0.9636935111599022,0.9788971013887325,500,2000,1137.1260606263809,0.37211824823773915
pythia160m_enron_N500_lr5e-5_seed42_b410,pythia-160m,enron,500,15,5e-05,42,loss,0.9972489999999999,0.928,0.584,0.966,0.9650000000000002,3.446625110263202,1.3127499971935255,0.983944634929462,0.983944634929462,0.017944634929462078,0.9817625562532302,25.0,3.3102046748420317,0.981575926469034,3.446625110263202,0.983944634929462,3.6256648144517905,0.9865944523870104,4.109191241260854,0.9917554891076409,0.99596,0.9984112,0.882,0.98,0.436,0.686,0.9595,0.9785125,0.9560000000000003,0.9734999999999997,3.233305991771115,3.7230882325159858,1.2714766979616032,1.3643841526621918,0.9800882923383597,0.9878465249004332,0.9800882923383597,0.9878465249004332,0.006580906250600088,0.02218437395280514,0.977447383949643,0.9933293324904946,500,2000,2712.5112006473823,0.3734439611766974
pythia160m_enron_N500_lr5e-5_seed42_b410,pythia-160m,enron,500,15,5e-05,42,ref,0.9839009999999999,0.332,0.222,0.9565,0.9459999999999994,4.616886573543701,1.5193562079946394,0.9950459688776309,0.9950459688776309,0.03854596887763084,0.9612621224714784,25.0,3.953075143175622,0.9903557028873661,4.616886573543701,0.9950459688776309,4.805046191127489,0.9958974230422643,5.289093287012595,0.9974736418761593,0.979231425,0.988129825,0.24,0.402,0.154,0.264,0.946,0.9660124999999999,0.9369999999999997,0.9599999999999995,4.189201945754891,5.254689171353348,1.4472736304363039,1.6209085656788413,0.9923918680612283,0.9973850959882546,0.9923918680612283,0.9973850959882546,0.029860080478840263,0.04865883715832623,0.9510312565070166,0.9700010256987136,500,2000,2712.5112006473823,0.3734439611766974
pythia160m_enron_N500_lr5e-5_seed42_b410,pythia-160m,enron,500,15,5e-05,42,zlib,0.9976430000000001,0.956,0.732,0.9675,0.7884999999999999,1.5535274312320206,0.8813419969659964,0.8879748855569346,0.8813419969659964,-0.08615800303400367,1.0977577414109403,25.0,1.2378722008420677,0.7867249204271045,1.5535274312320206,0.8813419969659964,2.359223217442689,0.9515810025046322,3.3784554539722227,0.9828020740573004,0.9964318249999999,0.9986872,0.88595,0.978,0.646,0.78805,0.9599875,0.98,0.7719874999999999,0.8290249999999998,1.4783520455936658,1.7662355234718219,0.8597534605350303,0.9397434237534827,0.8786278225139964,0.9105078304484985,0.8597534605350303,0.9105078304484985,-0.11104065134728396,-0.05652981335512935,1.0622851783351754,1.1290810808137646,500,2000,2712.5112006473823,0.3734439611766974
pythia160m_enron_N500_lr5e-5_seed42_b410,pythia-160m,enron,500,15,5e-05,42,mink,0.997485,0.934,0.604,0.968,0.9660000000000001,4.165204572721796,1.443122408654546,0.9922063604568373,0.9922063604568373,0.024206360456837328,0.9756035020318836,25.0,3.948342018808086,0.9903097231734832,4.165204572721796,0.9922063604568373,4.449880921579511,0.9941428681439574,4.742794894043027,0.9956333377834413,0.9962519750000001,0.9985491750000001,0.89595,0.98,0.4679500000000001,0.71005,0.9615,0.979,0.9594999999999986,0.9774999999999998,3.8690965015211014,4.609807051540014,1.3908803869141442,1.5181908726332873,0.9895063297092914,0.995010684020345,0.9895063297092914,0.995010684020345,0.014959722781525986,0.029392698636215905,0.9703812809285991,0.984949759024321,500,2000,2712.5112006473823,0.3734439611766974
pythia160m_enron_N500_lr5e-5_seed42_b410,pythia-160m,enron,500,15,5e-05,42,minkpp,0.9991990000000001,0.978,0.904,0.9735,0.007500000000000099,0.007527685213454488,0.06135016386878884,0.08659920987832555,0.06135016386878884,-0.9121498361312111,15.867928276150156,25.0,0.00400756721022631,0.04476364155330926,0.007527685213454488,0.06135016386878884,0.013084539613646499,0.08088429888935954,0.01969158287060005,0.09922596149849103,0.9986839750000001,0.999584125,0.956,0.992,0.69795,0.94805,0.9665,0.9845,0.004999999999999972,0.05601249999999999,0.005011972076127333,0.057640985225100916,0.050059824590819986,0.16976595017620802,0.0707066694248759,0.2366668061938042,0.050059824590819986,0.16976595017620802,-0.9286469792127422,-0.804536968141186,5.706276621414556,19.617074219979298,500,2000,2712.5112006473823,0.3734439611766974
pythia160m_enron_N500_lr5e-5_seed42_b410,pythia-160m,enron,500,15,5e-05,42,rmia,0.983883,0.326,0.202,0.9555,0.9515000000000003,3.0538937896114833,1.2356969267606608,0.9761276160132527,0.9761276160132527,0.020627616013252692,0.9788679106349834,25.0,2.7968786690080747,0.9690200372055906,3.0538937896114833,0.9761276160132527,3.2195046782421306,0.9798087294097167,3.313633673578539,0.9816395842271071,0.9792119625,0.9881216875,0.248,0.41,0.17795000000000002,0.26804999999999995,0.9455,0.9655,0.9400000000000002,0.9610000000000002,2.8647003738926187,3.268451654848405,1.1968083334211495,1.27836842397226,0.9710817641558768,0.9807826875862327,0.9710817641558768,0.9807826875862327,0.013577539030378335,0.02589126968843654,0.9733588570528946,0.986167566528994,500,2000,2712.5112006473823,0.3734439611766974
pythia160m_enron_N500_lr5e-5_seed42_b410,pythia-160m,enron,500,20,5e-05,42,loss,0.9992030000000001,0.98,0.892,0.979,0.9664999999999997,3.4442453974245515,1.3122967266256043,0.9839060694272675,0.9839060694272675,0.0049060694272675676,0.9950136811025839,25.0,3.3382197394085047,0.9820895575608577,3.4442453974245515,0.9839060694272675,3.716740241140496,0.9877686502250903,4.119131341119464,0.9918373699784394,0.998626875,0.99964305,0.964,0.996,0.63,0.936,0.9735,0.9880125,0.9584999999999997,0.9745000000000007,3.2436645815043876,3.709267706103079,1.2735117538917098,1.3618494064765907,0.9802955207470528,0.9876763276014086,0.9802955207470528,0.9876763276014086,-0.0036231576175135994,0.009025251179788956,0.9908595750742888,1.0036808982302232,500,2000,3444.4811444081492,0.37470807533263345
pythia160m_enron_N500_lr5e-5_seed42_b410,pythia-160m,enron,500,20,5e-05,42,ref,0.984784,0.358,0.248,0.9555,0.9475000000000002,4.427520169018439,1.487870990546297,0.9940100239644691,0.9940100239644691,0.03851002396446912,0.9612579118559818,25.0,3.98856004973867,0.9906935086209114,4.427520169018439,0.9940100239644691,4.597345373476482,0.9949479609187474,5.147260526414242,0.9970881035173216,0.98030675,0.9888560249999999,0.272,0.436,0.158,0.29,0.946,0.966,0.9379874999999998,0.9604999999999996,4.017098870555856,5.159096411933438,1.4172330189242979,1.6060969333169084,0.9909565449598109,0.9971223645998557,0.9909565449598109,0.9971223645998557,0.029153298034838498,0.047067642463469825,0.9525387220528728,0.9706522921051315,500,2000,3444.4811444081492,0.37470807533263345
pythia160m_enron_N500_lr5e-5_seed42_b410,pythia-160m,enron,500,20,5e-05,42,zlib,0.999128,0.98,0.872,0.98,0.7875000000000004,1.5488104417282262,0.8800029663950646,0.8874116263663283,0.8800029663950646,-0.09999703360493539,1.1136326096883213,25.0,1.2361495406554104,0.7861773148137163,1.5488104417282262,0.8800029663950646,2.3697894587311787,0.9521027203506909,3.4095358546769448,0.9833328328424167,0.9986546749999999,0.999549075,0.956,0.996,0.764,0.91,0.972,0.9885,0.7705000000000003,0.8265250000000003,1.471849518833358,1.7517192390977596,0.8578605710817342,0.9358736888738137,0.8777809369742472,0.9091339180550637,0.8578605710817342,0.9091339180550637,-0.12437181883541308,-0.069582441913332,1.0766316560871412,1.1443981128169962,500,2000,3444.4811444081492,0.37470807533263345
pythia160m_enron_N500_lr5e-5_seed42_b410,pythia-160m,enron,500,20,5e-05,42,mink,0.999294,0.982,0.902,0.98,0.9784999999999991,4.255816734589778,1.4587351943704139,0.9928839290219525,0.9928839290219525,0.012883929021952567,0.9870237309262887,25.0,4.020662483953761,0.9909888620327266,4.255816734589778,0.9928839290219525,4.602241192385146,0.9949726966741562,5.507919740214075,0.9979706743694923,0.9987888,0.99968805,0.966,0.996,0.66195,0.9420499999999999,0.975,0.9885125,0.969987499999999,0.9874999999999992,3.9651314955068186,4.7141066362419375,1.4080361267151906,1.5352697858275013,0.9904718336710099,0.9955059645495655,0.9904718336710099,0.9955059645495655,0.005967492213506293,0.016606325351298242,0.983265722524074,0.9939840341580338,500,2000,3444.4811444081492,0.37470807533263345
pythia160m_enron_N500_lr5e-5_seed42_b410,pythia-160m,enron,500,20,5e-05,42,minkpp,0.999697,0.992,0.974,0.986,0.002500000000000003,0.0025027941375902244,0.0353750910782589,0.049996647483773506,0.0353750910782589,-0.9506249089217411,27.872719756924774,25.0,0.002001774988431286,0.031636806005278774,0.0025027941375902244,0.0353750910782589,0.003505687568227113,0.04186697725073493,0.005011869335421387,0.050059311498568314,0.999392975,0.99991405,0.984,1.0,0.776,0.992,0.979,0.9945,0.0010000000000000189,0.029999999999999995,0.0010002837375562286,0.030458447644647186,0.02236385183232339,0.12340674139739481,0.03161935515701283,0.1732029530777701,0.02236385183232339,0.12340674139739481,-0.9666478853313616,-0.8610922685911047,7.977737795610821,44.220968755704824,500,2000,3444.4811444081492,0.37470807533263345
pythia160m_enron_N500_lr5e-5_seed42_b410,pythia-160m,enron,500,20,5e-05,42,rmia,0.984747,0.354,0.204,0.9555,0.9510000000000001,3.04326385328519,1.233544456694851,0.9758693468173463,0.9758693468173463,0.020369346817346257,0.9791269734173147,25.0,2.7887153611355173,0.9687620096304193,3.04326385328519,0.9758693468173463,3.2534750643035775,0.9804898271704358,3.302505559707974,0.9814321830368197,0.980249175,0.988816075,0.2799500000000001,0.446,0.18,0.302,0.945,0.966,0.9400000000000001,0.9600125000000002,2.8562839602918473,3.2554479512028927,1.195048944618156,1.2758228621515746,0.9708336782219201,0.9805286623984266,0.9708336782219201,0.9805286623984266,0.012883137753308509,0.026035116371573193,0.9732681285520802,0.986806749270618,500,2000,3444.4811444081492,0.37470807533263345
pythia160m_enron_N6000_lr5e-5_seed42_1641,pythia-160m,enron,6000,1,5e-05,42,loss,0.5836820416666667,0.009833333333333333,0.005333333333333333,0.16316666666666668,0.15883333333333363,0.06620446142618168,0.18194018443733326,0.25310179531977034,0.18194018443733326,0.018773517770666576,0.8968148909559183,100.0,0.06720909627704826,0.1833154334433523,0.06620446142618168,0.18194018443733326,0.0765165557108798,0.19559723376223884,0.08174140701131064,0.2021650402657574,0.5696524135416666,0.5979369020833334,0.007333333333333333,0.017333333333333333,0.00016666666666666666,0.007666666666666666,0.14332916666666667,0.18850416666666667,0.1389958333333332,0.184341666666667,0.0567822896563063,0.09333174328497612,0.16849672021846687,0.21602284541392672,0.23494735608999784,0.2985108506270104,0.16849672021846687,0.21602284541392672,0.01244513613329234,0.04143433281513049,0.7929889167715991,0.9355915479807231,6000,2000,38.57796095887643,0.3841281390098544
pythia160m_enron_N6000_lr5e-5_seed42_1641,pythia-160m,enron,6000,1,5e-05,42,ref,0.6513062916666665,0.012833333333333334,0.0023333333333333335,0.2766666666666667,0.2575,0.22899767947419367,0.3383767718639931,0.45240426712441406,0.3383767718639931,0.06171010519732639,0.8176290149663994,100.0,0.21680812688323517,0.32924772351774517,0.22899767947419367,0.3383767718639931,0.25968849866244464,0.36033907549865074,0.264906773523133,0.363941460624599,0.6360733125,0.6667844791666667,0.008166666666666666,0.019004166666666662,0.001,0.005166666666666667,0.2546625,0.3008375,0.2413333333333334,0.29234166666666667,0.2097328660113173,0.2716052354949065,0.323830870813908,0.3685140644649245,0.4349703326202925,0.48769347148092995,0.323830870813908,0.3685140644649245,0.0549739634997475,0.08287163746572415,0.7625572449209177,0.8406372643607486,6000,2000,38.57796095887643,0.3841281390098544
pythia160m_enron_N6000_lr5e-5_seed42_1641,pythia-160m,enron,6000,1,5e-05,42,zlib,0.5357149166666667,0.0105,0.0026666666666666666,0.05099999999999999,0.06133333333333345,0.023541137389662695,0.10849225177325497,0.1525326405602616,0.10849225177325497,0.05749225177325498,0.4700796523846534,100.0,0.013827556926944401,0.08314913387084799,0.023541137389662695,0.10849225177325497,0.02143856744977096,0.10353397377134464,0.03084419094136108,0.12418572973848702,0.52294234375,0.5496047583333333,0.004995833333333337,0.016337499999999994,0.001,0.003833333333333333,0.042333333333333334,0.08100833333333333,0.04550000000000007,0.08900833333333345,0.01699608960077703,0.04464412957739417,0.09218484024517597,0.14940570533718278,0.12981706672880097,0.20895513009601455,0.09218484024517597,0.14940570533718278,0.033049421079629784,0.09035347609477698,0.35971984961063896,0.6782912829487276,6000,2000,38.57796095887643,0.3841281390098544
pythia160m_enron_N6000_lr5e-5_seed42_1641,pythia-160m,enron,6000,1,5e-05,42,mink,0.6187764166666667,0.010166666666666666,0.005333333333333333,0.19916666666666671,0.19650000000000012,0.10939842859215033,0.23387863155080066,0.32191115913107105,0.23387863155080066,0.034711964884133945,0.8515812896032181,100.0,0.10401868665310168,0.22805557069835158,0.10939842859215033,0.23387863155080066,0.11081980430776896,0.2353930800892084,0.1206727981334228,0.24563468620435389,0.6042575385416666,0.6333821447916667,0.0075,0.0175,0.00016666666666666666,0.007833333333333333,0.1786625,0.22750416666666667,0.17383333333333342,0.22266666666666685,0.09262834179300419,0.14032981816501955,0.21520727129642075,0.2648865966148464,0.29743534014568235,0.3618403617972458,0.21520727129642075,0.2648865966148464,0.025044077318242583,0.05012742732045133,0.7925188887839785,0.8941344906089118,6000,2000,38.57796095887643,0.3841281390098544
pythia160m_enron_N6000_lr5e-5_seed42_1641,pythia-160m,enron,6000,1,5e-05,42,minkpp,0.6876029583333333,0.013833333333333333,0.0023333333333333335,0.3238333333333333,0.00066666666666662,0.0017542178823819166,0.029616025074120908,0.04186502288905893,0.029616025074120908,-0.2942173082592124,10.934395568712073,100.0,0.001453648549530247,0.02695967868438204,0.0017542178823819166,0.029616025074120908,0.0017608330589051144,0.0296718137203063,0.004976183593173298,0.049880775821819864,0.6731339833333333,0.7017880739583334,0.009833333333333333,0.019004166666666662,0.0003333333333333333,0.005170833333333329,0.30149583333333335,0.35033333333333333,0.00016666666666668534,0.33133333333333304,0.0014788110968115657,0.2506093830062126,0.027192012584687123,0.35398402340913276,0.038441100328683996,0.47082231740623,0.027192012584687123,0.35398402340913276,-0.31384879929009474,0.021652149786365954,0.9370873221049554,12.08894124811097,6000,2000,38.57796095887643,0.3841281390098544
pythia160m_enron_N6000_lr5e-5_seed42_1641,pythia-160m,enron,6000,1,5e-05,42,rmia,0.6513212916666666,0.012666666666666666,0.002,0.2763333333333333,0.2698333333333333,0.24064887887234168,0.34687813340735507,0.46247421502859215,0.34687813340735507,0.07054480007402175,0.796629440486588,100.0,0.2353490746472307,0.3430372243993578,0.24064887887234168,0.34687813340735507,0.2428530965888764,0.34846312329203244,0.2539252371704832,0.3563181423745381,0.63606845,0.6668027197916666,0.009166666666666667,0.01967499999999999,0.0011666666666666668,0.005666666666666667,0.25383333333333336,0.3005,0.24933333333333332,0.2960041666666666,0.217267334748543,0.2793979287253488,0.3295962180231471,0.37376324637036773,0.44191083574109574,0.493721668351276,0.3295962180231471,0.37376324637036773,0.06291075078424473,0.0848516966656713,0.7563460405265452,0.821369895100663,6000,2000,38.57796095887643,0.3841281390098544
pythia160m_enron_N6000_lr5e-5_seed42_1641,pythia-160m,enron,6000,2,5e-05,42,loss,0.6491685,0.010166666666666666,0.0015,0.2841666666666667,0.2720000000000002,0.20412587591973544,0.31947290645666293,0.429697881573279,0.31947290645666293,0.03530623978999625,0.8894859655499907,100.0,0.19441651444524471,0.3117823876081238,0.20412587591973544,0.31947290645666293,0.20763634572909134,0.32220827559910015,0.2145656963726389,0.3275406054007952,0.6346506458333333,0.66362073125,0.0045,0.017004166666666664,0.0,0.0026666666666666666,0.2621625,0.3085,0.25199583333333353,0.2985000000000003,0.18000862645667864,0.2386020859064915,0.30000715177429943,0.3453998123251807,0.4058779951832014,0.4607295353583941,0.30000715177429943,0.3453998123251807,0.02653865899717772,0.05015325801381067,0.8470011100976335,0.9173725796828122,6000,2000,32.49564677736465,0.41906784648142004
pythia160m_enron_N6000_lr5e-5_seed42_1641,pythia-160m,enron,6000,2,5e-05,42,ref,0.72286925,0.015666666666666666,0.0033333333333333335,0.3923333333333333,0.38616666666666666,0.45240827213537743,0.47560922622220936,0.6032458726938386,0.47560922622220936,0.08327589288887605,0.8249069019321994,100.0,0.44185025962438745,0.47002673308248516,0.45240827213537743,0.47560922622220936,0.4682023298664013,0.4838400199789189,0.5062175074669207,0.5030991490088811,0.7077866645833333,0.73731805,0.008333333333333333,0.0225,0.0006666666666666666,0.006666666666666667,0.3708291666666667,0.4155041666666666,0.36447499999999994,0.41084166666666655,0.41758321822337086,0.5064819586220105,0.45693720467184346,0.503230538714136,0.584263057872311,0.63038728051114,0.45693720467184346,0.503230538714136,0.0748431158258611,0.09954414804540568,0.7934368186367105,0.8440465925100156,6000,2000,32.49564677736465,0.41906784648142004
pythia160m_enron_N6000_lr5e-5_seed42_1641,pythia-160m,enron,6000,2,5e-05,42,zlib,0.5657841666666668,0.0165,0.0013333333333333333,0.09883333333333338,0.0888333333333334,0.037011747850027754,0.13603629635142922,0.1906179050014997,0.13603629635142922,0.037202963018095836,0.726521788552758,100.0,0.04094493218766967,0.14308202575388299,0.037011747850027754,0.13603629635142922,0.04821261982679566,0.1552620684951667,0.054091072782784716,0.16445527170447397,0.5523010958333333,0.5792965416666667,0.005,0.022504166666666662,0.00016666666666666666,0.004170833333333329,0.0805,0.124175,0.07532499999999989,0.12351666666666675,0.02978215671581203,0.05825125393400201,0.12202900620178658,0.1706623184615238,0.17129809798817847,0.2378804710179897,0.12202900620178658,0.1706623184615238,0.023588017156925937,0.06578404541113717,0.5755978654737346,0.827809453452305,6000,2000,32.49564677736465,0.41906784648142004
pythia160m_enron_N6000_lr5e-5_seed42_1641,pythia-160m,enron,6000,2,5e-05,42,mink,0.697273875,0.0105,0.0015,0.35283333333333333,0.3486666666666664,0.30815093021967227,0.3925244770837051,0.5149714502291168,0.3925244770837051,0.03969114375037175,0.8988823727751691,100.0,0.297544875785207,0.38571030306773435,0.30815093021967227,0.3925244770837051,0.3146513821611186,0.39664302726829737,0.32948362471710363,0.40588398879304394,0.68303295,0.7111128083333333,0.004666666666666667,0.016841666666666658,0.0,0.0026666666666666666,0.3304958333333334,0.3795,0.32332916666666667,0.37433749999999966,0.278816619604421,0.3581126361273459,0.3733742221164749,0.42315046055382566,0.4932761390388304,0.5486398170921227,0.3733742221164749,0.42315046055382566,0.0307062107732453,0.054967309566416406,0.8635723682732184,0.9216380912735757,6000,2000,32.49564677736465,0.41906784648142004
pythia160m_enron_N6000_lr5e-5_seed42_1641,pythia-160m,enron,6000,2,5e-05,42,minkpp,0.7910782916666668,0.012166666666666666,0.0011666666666666668,0.5168333333333333,0.1531666666666669,0.14031157907940267,0.26486938203518606,0.36181845757910513,0.26486938203518606,-0.2519639512981472,1.9512762455294872,100.0,0.036945115836563694,0.13591378855098496,0.14031157907940267,0.26486938203518606,0.5670513682437563,0.5324712988714774,0.37319673505961337,0.43197033177037364,0.7782286375,0.8047895187499999,0.004666666666666667,0.02033333333333333,0.0,0.0033333333333333335,0.49533333333333335,0.5410041666666667,0.13933333333333361,0.5210041666666662,0.1253042527814069,0.6244130708830524,0.250304063609525,0.5587544353490811,0.343178603992799,0.6814868187438287,0.250304063609525,0.5587544353490811,-0.2748105044203057,0.03267046244443154,0.9403128428311557,2.0801930066648895,6000,2000,32.49564677736465,0.41906784648142004
pythia160m_enron_N6000_lr5e-5_seed42_1641,pythia-160m,enron,6000,2,5e-05,42,rmia,0.7228645833333333,0.015666666666666666,0.0026666666666666666,0.392,0.39133333333333337,0.46804107106509485,0.4837566904266518,0.6113691165846497,0.4837566904266518,0.0917566904266518,0.8103247102469497,100.0,0.45409767333177303,0.47649641831380696,0.46804107106509485,0.4837566904266518,0.46484735828894475,0.4821033905133549,0.47021103330105096,0.4848768056429648,0.707793715625,0.7373013416666667,0.008666666666666666,0.022833333333333334,0.0013333333333333333,0.006837499999999996,0.37049166666666666,0.41533333333333333,0.36833333333333335,0.4136708333333334,0.43277954991090156,0.5146045889337303,0.46517713622623086,0.507249735768498,0.5927027099149461,0.634242146388281,0.46517713622623086,0.507249735768498,0.08362727905906812,0.10333971384373465,0.7873891325738809,0.8293713353110233,6000,2000,32.49564677736465,0.41906784648142004
pythia160m_enron_N6000_lr5e-5_seed42_1641,pythia-160m,enron,6000,3,5e-05,42,loss,0.7084193333333333,0.013333333333333334,0.0008333333333333334,0.3973333333333333,0.38900000000000023,0.3769134016621371,0.43411599928022526,0.5603789113984011,0.43411599928022526,0.036782665946891946,0.9152699600846813,100.0,0.36919421383099593,0.4296476543814687,0.3769134016621371,0.43411599928022526,0.3846307794450429,0.43853778596891907,0.40327691904725704,0.4490417124540086,0.6939081979166667,0.7220516625000001,0.007333333333333333,0.0225,0.0,0.0026666666666666666,0.3758291666666667,0.4205083333333333,0.3663166666666669,0.41217083333333393,0.3451815879931278,0.42660579699021356,0.41544047825510927,0.4618472673821354,0.5402853252010663,0.5893039909449047,0.41544047825510927,0.4618472673821354,0.0289362986229701,0.05028692592128508,0.8867070843025229,0.9330080239077821,6000,2000,32.63220887369634,0.43903874343308974
pythia160m_enron_N6000_lr5e-5_seed42_1641,pythia-160m,enron,6000,3,5e-05,42,ref,0.7818837499999999,0.017333333333333333,0.0036666666666666666,0.5130000000000001,0.5105,0.7056812926859425,0.5940039110502314,0.7114969737496767,0.5940039110502314,0.0810039110502313,0.863630677267744,100.0,0.6801142070123126,0.5831441532812931,0.7056812926859425,0.5940039110502314,0.7364335629720449,0.6068086860667227,0.7589433753254441,0.6160127333608633,0.7680095041666667,0.7959062625,0.012,0.0235,0.0023333333333333335,0.006166666666666667,0.49399583333333336,0.5378416666666667,0.4884916666666666,0.5349999999999999,0.6625370765968208,0.7947186702735622,0.5755593262852647,0.6303644462063897,0.6960303832776877,0.7404672199266623,0.5755593262852647,0.6303644462063897,0.07165321894195624,0.10701235477537528,0.8267731123604496,0.8787811305601689,6000,2000,32.63220887369634,0.43903874343308974
pythia160m_enron_N6000_lr5e-5_seed42_1641,pythia-160m,enron,6000,3,5e-05,42,zlib,0.6008314166666667,0.02033333333333333,0.0026666666666666666,0.14883333333333337,0.1305,0.07243498222208736,0.1903089359726539,0.26433649117304936,0.1903089359726539,0.041475602639320513,0.7820617175576018,100.0,0.07324732199790286,0.19137309371735473,0.07243498222208736,0.1903089359726539,0.08615368704040817,0.2075496170080882,0.0911929788532886,0.21353334499942697,0.5872795520833334,0.6143513500000001,0.010833333333333334,0.029,0.0003333333333333333,0.006166666666666667,0.12849583333333334,0.1753375,0.1148291666666667,0.16333333333333333,0.06151768095084711,0.0952163451464137,0.17538198173560757,0.2181929709524366,0.24426149610514644,0.30136984366709596,0.17538198173560757,0.2181929709524366,0.027235020029061897,0.061366240931481554,0.6885201028721935,0.859022452703718,6000,2000,32.63220887369634,0.43903874343308974
pythia160m_enron_N6000_lr5e-5_seed42_1641,pythia-160m,enron,6000,3,5e-05,42,mink,0.7670542916666666,0.013333333333333334,0.0008333333333333334,0.48683333333333334,0.4256666666666661,0.5534111711766955,0.5260281224310615,0.6519316768473516,0.5260281224310615,0.03919478909772811,0.9254891755281301,100.0,0.5227756944401286,0.5112610362819215,0.5534111711766955,0.5260281224310615,0.5845700414069976,0.5406339063576191,0.6120784139701315,0.5532081045909086,0.7532102031250001,0.780386878125,0.0075,0.022833333333333334,0.0,0.0026666666666666666,0.465,0.5106666666666667,0.4068208333333328,0.4969999999999999,0.5058157127850597,0.6496584080665414,0.5028994495711174,0.5699378920343363,0.6300686558063314,0.6912133240301286,0.5028994495711174,0.5699378920343363,0.02554166082210057,0.07410906267320036,0.8667735001664094,0.9509355537680841,6000,2000,32.63220887369634,0.43903874343308974
pythia160m_enron_N6000_lr5e-5_seed42_1641,pythia-160m,enron,6000,3,5e-05,42,minkpp,0.8493861250000001,0.021333333333333333,0.0011666666666666668,0.6396666666666666,0.03900000000000007,0.038499843077635,0.13874408650035325,0.19434027957295888,0.13874408650035325,-0.5009225801663133,4.610406704901531,100.0,0.01861837494543768,0.09648413067815266,0.038499843077635,0.13874408650035325,0.10290281212561077,0.2268290238545442,0.5847582973591725,0.5407209526914841,0.8382214395833333,0.8617136166666667,0.011329166666666671,0.03134999999999998,0.0003333333333333333,0.005833333333333334,0.6211625,0.6626666666666666,0.031495833333333285,0.5467333333333338,0.030813880153850837,0.7312395214492967,0.12412469530524795,0.6046649498432431,0.17419521032314594,0.7201998711956226,0.12412469530524795,0.6046649498432431,-0.5239323386669561,-0.03311937740281592,1.0541490426571707,5.183515044164512,6000,2000,32.63220887369634,0.43903874343308974
pythia160m_enron_N6000_lr5e-5_seed42_1641,pythia-160m,enron,6000,3,5e-05,42,rmia,0.7818806666666667,0.016833333333333332,0.0036666666666666666,0.5121666666666667,0.5106666666666667,0.7213747808400174,0.6005725521700177,0.7168796704745889,0.6005725521700177,0.08840588550335104,0.8527973261782966,100.0,0.71160914206982,0.5964935632803676,0.7213747808400174,0.6005725521700177,0.7194778277047126,0.5997823887480828,0.7415832488588707,0.6089266166209483,0.7679771375,0.7958869541666668,0.012162500000000003,0.024333333333333332,0.0025,0.007337499999999996,0.4938291666666667,0.5368375000000001,0.4885,0.5326708333333333,0.6750108208162398,0.7789525572169029,0.5809521584228938,0.6240803437581666,0.700606229478519,0.7356042255670959,0.5809521584228938,0.6240803437581666,0.07915193611449182,0.09828851130970526,0.8376501216211995,0.8685902764922433,6000,2000,32.63220887369634,0.43903874343308974
pythia160m_enron_N6000_lr5e-5_seed42_1641,pythia-160m,enron,6000,5,5e-05,42,loss,0.80244425,0.023166666666666665,0.009333333333333334,0.5691666666666667,0.5533333333333336,0.8049383905496438,0.6344045990334732,0.7435620537323692,0.6344045990334732,0.06523793236680653,0.8971666780691727,100.0,0.7947735264815853,0.6303862016579936,0.8049383905496438,0.6344045990334732,0.8152269662713248,0.6384461474045109,0.8255041951473893,0.6424578566518544,0.7885392229166667,0.8152165395833333,0.014995833333333337,0.031166666666666665,0.0055,0.011833333333333333,0.5486624999999999,0.590675,0.5351625000000002,0.5786750000000003,0.7474674907336532,0.8741408564813806,0.6113376688216999,0.6611130204059468,0.7255588593810243,0.763400076757196,0.6113376688216999,0.6611130204059468,0.05502997744444093,0.07844187500498305,0.8780284938784555,0.9120397119009122,6000,2000,38.07402643851713,0.4588758947582414
pythia160m_enron_N6000_lr5e-5_seed42_1641,pythia-160m,enron,6000,5,5e-05,42,ref,0.8568054166666665,0.021833333333333333,0.005166666666666667,0.6826666666666665,0.6613333333333333,1.1978723981236477,0.7739096840470623,0.8355622565238859,0.7739096840470623,0.09124301738039575,0.8821012073356519,100.0,1.1750010476887989,0.766485827556126,1.1978723981236477,0.7739096840470623,1.2325209550799174,0.7850225968339757,1.245609237570649,0.7891797126037418,0.84429500625,0.8693605916666667,0.015666666666666666,0.029341666666666658,0.0011666666666666668,0.0085,0.6631666666666667,0.7038375,0.644,0.6938333333333334,1.1406954442835562,1.3029233551816295,0.7552136927099125,0.8071317583324171,0.8248656353002207,0.8533837044177027,0.7552136927099125,0.8071317583324171,0.08319290911020023,0.11205093712213354,0.8589382787959186,0.8917201103254272,6000,2000,38.07402643851713,0.4588758947582414
pythia160m_enron_N6000_lr5e-5_seed42_1641,pythia-160m,enron,6000,5,5e-05,42,zlib,0.67986325,0.038,0.011166666666666667,0.26466666666666666,0.23999999999999955,0.20982065766787994,0.32389863975314864,0.43505214506343787,0.32389863975314864,0.05923197308648198,0.8171280585444133,100.0,0.20930192369040926,0.3234980090281927,0.20982065766787994,0.32389863975314864,0.22981625911476616,0.33898101651476453,0.2261666209677035,0.3362786203192997,0.6673333729166667,0.6932099791666666,0.027329166666666672,0.04652083333333332,0.006995833333333337,0.021674999999999993,0.24449583333333333,0.2915,0.2214916666666667,0.2671666666666668,0.188033241115611,0.24269028768763481,0.30662129652184866,0.3483462987359503,0.4140203305313869,0.46420421159710984,0.30662129652184866,0.3483462987359503,0.04413950148346531,0.07248093534004095,0.7780647734290613,0.8639524229539618,6000,2000,38.07402643851713,0.4588758947582414
pythia160m_enron_N6000_lr5e-5_seed42_1641,pythia-160m,enron,6000,5,5e-05,42,mink,0.8510326666666667,0.023333333333333334,0.009666666666666667,0.6586666666666667,0.6581666666666662,1.2193428870390748,0.7808146025270899,0.8393901177361243,0.7808146025270899,0.12214793586042316,0.8435634586429429,100.0,1.1849963611594185,0.7697390340756465,1.2193428870390748,0.7808146025270899,1.2209524417952926,0.7813297773012663,1.2368103521538896,0.7863874211080343,0.8384952791666667,0.8633668729166667,0.015333333333333332,0.031008333333333325,0.005833333333333334,0.012,0.6405,0.6798375,0.6308250000000005,0.6773374999999997,1.132490017147668,1.308451760661525,0.7524925250147195,0.8088423086436196,0.8232679309909693,0.8542610104091212,0.7524925250147195,0.8088423086436196,0.10142833710168606,0.140182687660768,0.8249680616485818,0.8665578530199016,6000,2000,38.07402643851713,0.4588758947582414
pythia160m_enron_N6000_lr5e-5_seed42_1641,pythia-160m,enron,6000,5,5e-05,42,minkpp,0.9158169166666666,0.032,0.0075,0.8191666666666666,0.07283333333333337,0.07128407238316671,0.1887909854616564,0.26230263607586285,0.1887909854616564,-0.6303756812050102,4.3390136698716475,100.0,0.04309933537540162,0.14679805069448576,0.07128407238316671,0.1887909854616564,0.17020930679536264,0.29172701862817113,0.5677581985817248,0.5328030586350481,0.9049378729166667,0.9259428291666667,0.0185,0.04900416666666667,0.0033333333333333335,0.012833333333333334,0.8034875,0.837,0.0631666666666667,0.5243541666666671,0.06161462452796733,0.7183029676248225,0.17552011007643517,0.5992924858756359,0.24444800873349454,0.71583588064548,0.17552011007643517,0.5992924858756359,-0.6484726698042447,-0.22174426810274778,1.3719713338501471,4.678948747016289,6000,2000,38.07402643851713,0.4588758947582414
pythia160m_enron_N6000_lr5e-5_seed42_1641,pythia-160m,enron,6000,5,5e-05,42,rmia,0.8568499166666667,0.021166666666666667,0.0018333333333333333,0.6816666666666666,0.6771666666666665,1.2112404292612537,0.7782160462433468,0.8379572685305317,0.7782160462433468,0.0965493795766802,0.8759349925477001,100.0,1.1916768666682658,0.7719057153138154,1.2112404292612537,0.7782160462433468,1.2100339548927155,0.7778283727445006,1.2333944185825865,0.7853007126517161,0.8443633145833334,0.8693651385416666,0.016495833333333338,0.0318375,0.003833333333333333,0.010333333333333333,0.6624916666666667,0.7028416666666666,0.6574999999999999,0.6983374999999999,1.1421461730522926,1.2952708632104253,0.7556937758905097,0.8047579954114078,0.8251464249652668,0.8521597935583815,0.7556937758905097,0.8047579954114078,0.08658642191946796,0.1074838437492026,0.8642270202948839,0.8868728896833057,6000,2000,38.07402643851713,0.4588758947582414
pythia160m_enron_N6000_lr5e-5_seed42_1641,pythia-160m,enron,6000,10,5e-05,42,loss,0.928644,0.037333333333333336,0.002,0.836,0.8249999999999996,1.8952873705929916,0.9734699200779117,0.9218052157676753,0.9218052157676753,0.0858052157676753,0.9069161094991016,100.0,1.9287092217560136,0.9244805711377907,1.8952873705929916,0.9218052157676753,1.9763804317450782,0.9281325908118189,2.1634161084842387,0.9407806173288046,0.9188621895833334,0.9387872395833333,0.020162500000000003,0.05566666666666667,0.0006666666666666666,0.0075,0.8218333333333333,0.8523333333333334,0.8093291666666661,0.8451666666666654,1.7789444273121209,2.0186227743047227,0.9431183455017598,1.0046449058741,0.9116927930392408,0.9312151804212595,0.9116927930392408,0.9312151804212595,0.07603093601992345,0.09177511439718784,0.89991178961188,0.9179351153288992,6000,2000,174.36731521002022,0.481355859663389
pythia160m_enron_N6000_lr5e-5_seed42_1641,pythia-160m,enron,6000,10,5e-05,42,ref,0.9353274583333334,0.11866666666666667,0.07783333333333334,0.8310000000000001,0.8291666666666666,1.9825997185854147,0.9956404267067038,0.9285953035001145,0.9285953035001145,0.09759530350011447,0.8949000677342943,100.0,1.9634957516245661,0.9271640229593178,1.9825997185854147,0.9285953035001145,2.048321402012362,0.9332999629234794,2.196994143236934,0.9427954614601514,0.9266818447916667,0.9441168395833333,0.10249583333333333,0.13534166666666667,0.02033333333333333,0.08567083333333333,0.817,0.8480041666666667,0.8089958333333331,0.8438333333333328,1.8773464237160802,2.6698553174967286,0.9688514908174108,1.1553906950941635,0.9203284447969662,0.9647475079233572,0.9203284447969662,0.9647475079233572,0.08790330072057156,0.1346843923902943,0.8597635677641614,0.9055251207627127,6000,2000,174.36731521002022,0.481355859663389
pythia160m_enron_N6000_lr5e-5_seed42_1641,pythia-160m,enron,6000,10,5e-05,42,zlib,0.895888,0.10566666666666667,0.0165,0.6743333333333333,0.6228333333333328,0.9157391689304788,0.6766606124677566,0.7744542039184792,0.6766606124677566,0.00232727913442321,0.9965606404576502,100.0,0.7524184090421568,0.613358952425966,0.9157391689304788,0.6766606124677566,1.111390768370618,0.7454497864949113,1.2269601540801143,0.7832496900989219,0.8864463895833333,0.9046646270833333,0.06116666666666667,0.1515,0.009,0.04016666666666667,0.6566666666666666,0.6951708333333334,0.6055000000000001,0.6606666666666663,0.8689947303898699,1.0392478711623976,0.6591641411828332,0.7208494512742228,0.7619888971546829,0.8039150245872406,0.6591641411828332,0.7208494512742228,-0.011394092424873593,0.04207900064025724,0.9411510154515443,1.0171447553879485,6000,2000,174.36731521002022,0.481355859663389
pythia160m_enron_N6000_lr5e-5_seed42_1641,pythia-160m,enron,6000,10,5e-05,42,mink,0.9341478333333334,0.03783333333333333,0.0021666666666666666,0.8543333333333334,0.8523333333333325,2.3025928138955707,1.0729848120769396,0.9486837049760958,0.9486837049760958,0.09435037164276239,0.9005460185013511,100.0,2.2583875245215315,0.9462986404485636,2.3025928138955707,0.9486837049760958,2.340083506959955,0.9506210630224213,2.392596827644242,0.9532092917784956,0.9246658020833334,0.9442515395833333,0.021,0.05733333333333333,0.0006666666666666666,0.007666666666666666,0.8416666666666667,0.8696666666666667,0.8364958333333326,0.866166666666666,2.164698009892623,2.4767680671586527,1.0403600361506,1.1128270454893343,0.9408588665098451,0.9570714099458808,0.9408588665098451,0.9570714099458808,0.08418612810924885,0.10325860535599989,0.8907469711715185,0.9115866308268821,6000,2000,174.36731521002022,0.481355859663389
pythia160m_enron_N6000_lr5e-5_seed42_1641,pythia-160m,enron,6000,10,5e-05,42,minkpp,0.9694188333333333,0.06116666666666667,0.011166666666666667,0.9203333333333333,0.002499999999999958,0.002502689994245959,0.035374355077131506,0.049995608573057924,0.035374355077131506,-0.8849589782562018,26.016964304412213,100.0,0.0020015695784859687,0.03163518277555836,0.002502689994245959,0.035374355077131506,0.0035055863016464576,0.04186637255391526,0.006520431495157189,0.05709829899023783,0.9635005604166667,0.9760261885416667,0.0396625,0.09992499999999992,0.008666666666666666,0.015833333333333335,0.9096624999999999,0.9325041666666667,0.0009999999999999517,0.033524999999999985,0.0010002837375562286,0.03409888550422967,0.02236385183232339,0.13057315334443031,0.03161935515701283,0.18309527227315192,0.02236385183232339,0.13057315334443031,-0.9011056347149824,-0.7870171727353089,6.953549547183897,41.17526385455102,6000,2000,174.36731521002022,0.481355859663389
pythia160m_enron_N6000_lr5e-5_seed42_1641,pythia-160m,enron,6000,10,5e-05,42,rmia,0.9352813333333334,0.11833333333333333,0.07683333333333334,0.8308333333333333,0.8286666666666668,1.8707418099099908,0.9671457516605216,0.9197774873573047,0.9197774873573047,0.08894415402397138,0.9032981832600352,100.0,1.8671792754792664,0.9194786479709094,1.8707418099099908,0.9197774873573047,1.9007971244529072,0.9222529794341979,1.9161358575360552,0.9234854799792769,0.9266497406249999,0.9440583604166667,0.10582916666666667,0.1375,0.024166666666666666,0.0918375,0.8163333333333334,0.8475041666666667,0.8138291666666667,0.8448375000000001,1.7709660570046948,1.992261895559758,0.941001077296142,0.9980635984218063,0.9109508668009049,0.9293080298847343,0.9109508668009049,0.9293080298847343,0.0801364971368354,0.09587200646648723,0.8952582025981857,0.9136771501677156,6000,2000,174.36731521002022,0.481355859663389
pythia160m_enron_N6000_lr5e-5_seed42_1641,pythia-160m,enron,6000,15,5e-05,42,loss,0.9744770833333334,0.23116666666666666,0.010833333333333334,0.9148333333333334,0.8935,2.2801260686821707,1.0677373433298498,0.9474854549315397,0.9474854549315397,0.032652121598206296,0.9655381289198096,100.0,2.077868981882927,0.9353091870527719,2.2801260686821707,0.9474854549315397,2.47802204416941,0.9571264128022553,2.6645734767492826,0.9645573878170672,0.9693365229166667,0.9802081270833334,0.07582083333333335,0.3576708333333333,0.007995833333333337,0.01767083333333333,0.9036666666666666,0.9265,0.8811625,0.9094999999999996,2.163234870130398,2.4721926132244523,1.040008382193757,1.1117986807922744,0.9407695456190904,0.9568701059723944,0.9407695456190904,0.9568701059723944,0.025732293397030447,0.04139202409152817,0.9560752262526967,0.9728114004231422,6000,2000,440.118951787641,0.486160002567916
pythia160m_enron_N6000_lr5e-5_seed42_1641,pythia-160m,enron,6000,15,5e-05,42,ref,0.9547144166666667,0.21683333333333332,0.156,0.8558333333333334,0.8508333333333337,2.3384092816590742,1.081297665228931,0.9505361695858766,0.9505361695858766,0.09470283625254317,0.9003690345694023,100.0,2.487608319280882,0.957544516948961,2.3384092816590742,0.9505361695858766,2.5710266699862157,0.9610114416598068,3.315068448259352,0.9816661542194102,0.9475824604166667,0.9615578333333333,0.1905,0.2338375,0.06233333333333333,0.16833333333333333,0.8424958333333333,0.8728375,0.8371583333333329,0.8678458333333336,2.244808919462216,4.012346028357583,1.0594359101232917,1.4163943471274418,0.9455433384201206,0.9909132538161224,0.9455433384201206,0.9909132538161224,0.08617011220891563,0.13744359033705816,0.8611082914402304,0.9095427373250745,6000,2000,440.118951787641,0.486160002567916
pythia160m_enron_N6000_lr5e-5_seed42_1641,pythia-160m,enron,6000,15,5e-05,42,zlib,0.9738281666666667,0.39616666666666667,0.121,0.8671666666666666,0.6641666666666666,1.089265690787419,0.7379924426399701,0.8145775154990922,0.7379924426399701,-0.12917422402669654,1.1750346162958125,100.0,0.8731444609238677,0.6607361277105512,1.089265690787419,0.7379924426399701,1.4744360913358534,0.8586140260139749,1.865426973951961,0.9193312311918201,0.9692036187499999,0.9782839604166667,0.2746541666666667,0.5301958333333333,0.08182916666666666,0.13852499999999998,0.8538250000000001,0.8828375,0.6471625,0.7300041666666668,1.0398687540459284,1.302307532104614,0.7210647523086033,0.8069409928955285,0.80405156892942,0.853285624950848,0.7210647523086033,0.8069409928955285,-0.1473824552273197,-0.062001683607471963,1.076447634776679,1.2034435109405757,6000,2000,440.118951787641,0.486160002567916
pythia160m_enron_N6000_lr5e-5_seed42_1641,pythia-160m,enron,6000,15,5e-05,42,mink,0.9754543333333334,0.249,0.013666666666666667,0.9163333333333332,0.9096666666666674,2.7197247880216855,1.1661313793954962,0.9664921694236073,0.9664921694236073,0.05015883609027405,0.948102180568946,100.0,2.655879435889144,0.964242167445296,2.7197247880216855,0.9664921694236073,2.7599028101355443,0.9678337047360144,2.822286996696457,0.9698093730851454,0.9704083625000001,0.9810447416666667,0.08681250000000001,0.3741958333333333,0.010333333333333333,0.020166666666666666,0.9051666666666667,0.9278333333333333,0.8978333333333333,0.9216666666666674,2.562026012102633,2.91842669762909,1.1318184435648806,1.20797903458806,0.9606517097537018,0.9726157470402064,0.9606517097537018,0.9726157470402064,0.04377966129677726,0.05608515407734855,0.9417248548495957,0.9549173012552505,6000,2000,440.118951787641,0.486160002567916
pythia160m_enron_N6000_lr5e-5_seed42_1641,pythia-160m,enron,6000,15,5e-05,42,minkpp,0.9899096666666667,0.5376666666666666,0.13583333333333333,0.9515,0.0039999999999999,0.004007458811937007,0.044763036156727616,0.0632411232077905,0.044763036156727616,-0.9067369638432724,21.25637762077931,100.0,0.0030040647917227432,0.038756062698129846,0.004007458811937007,0.044763036156727616,0.0070239359160271415,0.05926185921833343,0.009544500002440923,0.06908147364685022,0.9864222375,0.9931903333333333,0.2759250000000001,0.8720458333333333,0.09533333333333334,0.14750416666666666,0.9441625,0.9601749999999999,0.0019999999999999883,0.026512499999999987,0.002001670744998513,0.026869429021320154,0.03163598224331365,0.11590808810737588,0.04471765577623509,0.1628238233187629,0.03163598224331365,0.11590808810737588,-0.921746940257918,-0.8357844668713371,8.211606794488375,30.050321413762447,6000,2000,440.118951787641,0.486160002567916
pythia160m_enron_N6000_lr5e-5_seed42_1641,pythia-160m,enron,6000,15,5e-05,42,rmia,0.9547353333333334,0.21533333333333332,0.151,0.8558333333333334,0.8485000000000001,2.1104778756987645,1.0272482357489752,0.9374539756187948,0.9374539756187948,0.0816206422854614,0.9129337072451101,100.0,2.0821191035708564,0.9355929924665045,2.1104778756987645,0.9374539756187948,2.1452774005931077,0.9396618717362877,2.1725147160090197,0.9413337063202916,0.9476256375,0.9615747083333333,0.19282916666666666,0.23933333333333334,0.07432916666666667,0.1795,0.842,0.8725,0.8329958333333334,0.8640083333333334,1.9930271472656318,2.257488967319876,0.9982552562572465,1.0624238710195013,0.9293641515228771,0.9462489929005489,0.9293641515228771,0.9462489929005489,0.07256282276863094,0.08967504206052335,0.9039203315253727,0.9229950530848305,6000,2000,440.118951787641,0.486160002567916
pythia160m_enron_N6000_lr5e-5_seed42_1641,pythia-160m,enron,6000,20,5e-05,42,loss,0.9890120833333333,0.6741666666666667,0.07216666666666667,0.9395,0.9024999999999999,2.327899841795757,1.0788651078322435,0.9499998430153778,0.9499998430153778,0.010499843015377763,0.9889475318416365,100.0,2.0996419392791066,0.9367495487371146,2.327899841795757,0.9499998430153778,2.535499867740935,0.959571722807105,2.7701125516691305,0.9681658161566071,0.9854269208333334,0.9923337729166667,0.2843333333333333,0.8041666666666667,0.02499583333333334,0.10267083333333334,0.9304916666666667,0.9505,0.8899999999999999,0.9199999999999995,2.207271886337788,2.5257251921346624,1.050540786056826,1.1237715942607427,0.9433979367402621,0.9591661606966938,0.9433979367402621,0.9591661606966938,0.003666048314538659,0.01939829011716266,0.9796983500100708,0.9961407039868854,6000,2000,561.9436596825745,0.4856838681375119
pythia160m_enron_N6000_lr5e-5_seed42_1641,pythia-160m,enron,6000,20,5e-05,42,ref,0.957614,0.234,0.174,0.8628333333333332,0.8600000000000003,3.1433786384652738,1.2536703391373016,0.9781938418642006,0.9781938418642006,0.11536050853086732,0.8820678442311413,100.0,2.6899455335567226,0.9654612179130839,3.1433786384652738,0.9781938418642006,3.2919710468698287,0.9812336660390661,3.234608334115631,0.9801144708609564,0.9508310770833334,0.96419670625,0.20749583333333332,0.2553375,0.08449583333333334,0.19067083333333334,0.8491666666666666,0.8796666666666667,0.8455000000000005,0.8763375000000004,2.42189050869789,4.2484094797985925,1.1004295730739257,1.4574651733648465,0.9545922284732369,0.9928308307318203,0.9545922284732369,0.9928308307318203,0.08809647328999129,0.13314841251393397,0.8654807766319834,0.9080479684909103,6000,2000,561.9436596825745,0.4856838681375119
pythia160m_enron_N6000_lr5e-5_seed42_1641,pythia-160m,enron,6000,20,5e-05,42,zlib,0.9881379166666666,0.6696666666666666,0.2845,0.9071666666666666,0.6683333333333344,1.1025726395984374,0.7424865788680753,0.8173029872866301,0.7424865788680753,-0.16468008779859122,1.2217953731226319,100.0,0.8806803531329334,0.6635813262641337,1.1025726395984374,0.7424865788680753,1.514802327340829,0.8702879774364429,1.9436945194875048,0.9256489549122695,0.9851839854166666,0.99082813125,0.5594916666666668,0.7800125,0.12383333333333334,0.33600416666666666,0.8969958333333333,0.9196666666666666,0.6513250000000006,0.7316874999999997,1.0525798838908704,1.3139995022823285,0.7254584357115256,0.8105551794092924,0.8068233301613411,0.8551355723073151,0.7254584357115256,0.8105551794092924,-0.18253332504921738,-0.09953143989697529,1.1231613301524126,1.2503844219096407,6000,2000,561.9436596825745,0.4856838681375119
pythia160m_enron_N6000_lr5e-5_seed42_1641,pythia-160m,enron,6000,20,5e-05,42,mink,0.98953625,0.699,0.09416666666666666,0.9405,0.9395000000000001,2.864186686551391,1.1967010250165642,0.9710666840487302,0.9710666840487302,0.030566684048730197,0.9685225695095556,100.0,2.7545820946110258,0.9676592335237915,2.864186686551391,0.9710666840487302,2.98806737380567,0.9744820585754912,3.29290964485167,0.9812514400150238,0.986069025,0.9927521,0.32348750000000004,0.8156666666666667,0.03699583333333333,0.12300416666666666,0.9318333333333333,0.9515041666666667,0.9290000000000002,0.9503333333333333,2.6889856351598915,3.0771844606505074,1.1595226679180077,1.2404000278478946,0.965427454307787,0.9766837564935547,0.965427454307787,0.9766837564935547,0.024631692857819253,0.03429852180870628,0.9645543153917417,0.974719610222768,6000,2000,561.9436596825745,0.4856838681375119
pythia160m_enron_N6000_lr5e-5_seed42_1641,pythia-160m,enron,6000,20,5e-05,42,minkpp,0.9938238333333334,0.8371666666666666,0.3431666666666667,0.9683333333333333,0.0035000000000000725,0.003505792062140065,0.04186760120988582,0.05915787308742072,0.04186760120988582,-0.9264657321234474,23.128464620626257,100.0,0.003004170112885951,0.038756742077256386,0.003505792062140065,0.04186760120988582,0.007024037182607797,0.05926228641643772,0.009544707643722079,0.06908222507896687,0.9913872479166667,0.9962518333333333,0.38812083333333336,0.9263333333333333,0.3259958333333334,0.3566708333333333,0.9625,0.9761666666666666,0.0015000000000000833,0.030000000000000023,0.0015009024987379528,0.030457880899318262,0.027394365285017583,0.12340559326731441,0.0387269506660045,0.17320136607808634,0.027394365285017583,0.12340559326731441,-0.9418659146182475,-0.8453647735349618,7.819939966089364,35.28736621354616,6000,2000,561.9436596825745,0.4856838681375119
pythia160m_enron_N6000_lr5e-5_seed42_1641,pythia-160m,enron,6000,20,5e-05,42,rmia,0.9575875833333333,0.22966666666666666,0.16883333333333334,0.8625,0.8503333333333334,2.1786383031285474,1.0437045326931726,0.9417029447822205,0.9417029447822205,0.07920294478222045,0.9158939183305442,100.0,2.1041730828861542,0.9370451044574055,2.1786383031285474,0.9417029447822205,2.201823230854748,0.9430793589737613,2.250206077303962,0.9458448570396137,0.9507711927083333,0.9641534135416666,0.21332083333333335,0.25983333333333336,0.08849583333333333,0.19716666666666666,0.8486666666666667,0.8790041666666667,0.8351625,0.8663375000000001,2.0567550690627625,2.336176320266259,1.0140895094704336,1.0807812719871177,0.9338799588531107,0.9504227104327433,0.9338799588531107,0.9504227104327433,0.06973353823553174,0.087012305863223,0.9070506428091769,0.9264192299518541,6000,2000,561.9436596825745,0.4856838681375119
