run_id,model,corpus,n_members,epochs,lr,seed,attack,auroc,tpr_at_fpr_1pct,tpr_at_fpr_01pct,adv,tv_empirical,kl_score_space,pinsker,bh,bound,tightness_gap,adv_over_bound,samples_per_bin,kl_bins_15,bound_bins_15,kl_bins_20,bound_bins_20,kl_bins_30,bound_bins_30,kl_bins_50,bound_bins_50,auroc_ci_lo,auroc_ci_hi,tpr_at_fpr_1pct_ci_lo,tpr_at_fpr_1pct_ci_hi,tpr_at_fpr_01pct_ci_lo,tpr_at_fpr_01pct_ci_hi,adv_ci_lo,adv_ci_hi,tv_empirical_ci_lo,tv_empirical_ci_hi,kl_score_space_ci_lo,kl_score_space_ci_hi,pinsker_ci_lo,pinsker_ci_hi,bh_ci_lo,bh_ci_hi,bound_ci_lo,bound_ci_hi,tightness_gap_ci_lo,tightness_gap_ci_hi,adv_over_bound_ci_lo,adv_over_bound_ci_hi,n_members_scored,n_nonmembers_scored,perplexity,next_token_acc
pythia70m_enron_N2000_lr5e-5_seed42_70ba,pythia-70m,enron,2000,1,5e-05,42,loss,0.558204625,0.0135,0.001,0.11299999999999999,0.10349999999999988,0.03383694605918256,0.13007103070857584,0.18240306801137685,0.13007103070857584,0.01707103070857585,0.8687560895336988,100.0,0.03704904053039741,0.13610481352692383,0.03383694605918256,0.13007103070857584,0.04229475248767353,0.1454213747832029,0.05053151468732909,0.15895205989122804,0.5386714625,0.57655029375,0.005,0.0185,0.0,0.003,0.08847500000000001,0.147,0.08198749999999991,0.14301249999999996,0.02725120442625931,0.06482183730915664,0.1167287446680212,0.18003029158874942,0.1639610795123763,0.2505305271288204,0.1167287446680212,0.18003029158874942,0.008625388076100606,0.05528996455523612,0.6467960420266208,0.9351744256296244,2000,2000,256.8597996466383,0.25302026161788177
pythia70m_enron_N2000_lr5e-5_seed42_70ba,pythia-70m,enron,2000,1,5e-05,42,ref,0.6157165,0.0095,0.001,0.21299999999999997,0.198,0.12574486748089528,0.25074376111968893,0.3437443758145016,0.25074376111968893,0.03774376111968897,0.849472780693943,100.0,0.12603717810568035,0.25103503550867196,0.12574486748089528,0.25074376111968893,0.1404966166276159,0.2650439743020164,0.16378777159278146,0.28617107784748397,0.5989777875,0.633455996875,0.005,0.0175,0.0,0.0025,0.187,0.242,0.17049999999999996,0.2275,0.10803135471085976,0.17455925124111643,0.23241272990649067,0.2954312510169239,0.32000085513505466,0.40021607259731373,0.23241272990649067,0.2954312510169239,0.026073841567602455,0.07640932784946121,0.7284562926776561,0.8952289048897354,2000,2000,256.8597996466383,0.25302026161788177
pythia70m_enron_N2000_lr5e-5_seed42_70ba,pythia-70m,enron,2000,1,5e-05,42,zlib,0.5165517500000001,0.011,0.0,0.03149999999999997,0.03950000000000008,0.010044516517041444,0.07086789300184339,0.09997119005064159,0.07086789300184339,0.039367893001843415,0.44448901562772025,100.0,0.009839785625298154,0.0701419475966349,0.010044516517041444,0.07086789300184339,0.011937309842669257,0.07725707036468979,0.02316229838221889,0.10761574787692295,0.49925676874999997,0.53471684375,0.0045,0.0195,0.0,0.0025,0.023,0.068,0.03950000000000003,0.0879999999999999,0.011064644485360483,0.05800156684724923,0.07437954697017933,0.17029615945682477,0.10489826463762615,0.237384767926619,0.07437954697017933,0.17029615945682477,0.030107430262480972,0.12933986830087038,0.18425223909372596,0.65313288046759,2000,2000,256.8597996466383,0.25302026161788177
pythia70m_enron_N2000_lr5e-5_seed42_70ba,pythia-70m,enron,2000,1,5e-05,42,mink,0.61090475,0.012,0.001,0.18700000000000006,0.17799999999999963,0.09931138973592636,0.2228355781017995,0.307472416733039,0.2228355781017995,0.03583557810179944,0.8391837676592719,100.0,0.09167335991462146,0.2140950255314465,0.09931138973592636,0.2228355781017995,0.11226784066310931,0.23692598070189486,0.12646179756136455,0.251457548665142,0.5924723000000001,0.62902,0.005,0.018012499999999987,0.0,0.003,0.1619875,0.2225,0.15400000000000014,0.2124999999999996,0.08408893376186516,0.14912542640565393,0.20504747353918837,0.2730617382799231,0.2839903304040454,0.3722081960791316,0.20504747353918837,0.2730617382799231,0.024071445406143532,0.07613161138859632,0.7083322567666668,0.8928678668906775,2000,2000,256.8597996466383,0.25302026161788177
pythia70m_enron_N2000_lr5e-5_seed42_70ba,pythia-70m,enron,2000,1,5e-05,42,minkpp,0.628136,0.011,0.001,0.20849999999999996,0.0005,0.005409898060125547,0.05200912448852387,0.07345264402689777,0.05200912448852387,-0.15649087551147609,4.00891193709686,100.0,0.005409898330620393,0.05200912578875169,0.005409898060125547,0.05200912448852387,0.010320028469574142,0.07183323906651481,0.01032002640556937,0.07183323188319377,0.60925368125,0.64594399375,0.0055,0.0165,0.0,0.0025,0.1835,0.243,0.0004999999999999815,0.15250000000000005,0.000500016743694828,0.10493552602126614,0.01581165303968608,0.22905832681151994,0.02235825923804473,0.3156221351800427,0.01581165303968608,0.22905832681151994,-0.21413634943196866,0.01660686938942392,0.9314789333992628,14.261633456920139,2000,2000,256.8597996466383,0.25302026161788177
pythia70m_enron_N2000_lr5e-5_seed42_70ba,pythia-70m,enron,2000,1,5e-05,42,rmia,0.61569825,0.009,0.001,0.21199999999999997,0.20899999999999996,0.13651333753181494,0.2612597725749364,0.35721886205775055,0.2612597725749364,0.04925977257493641,0.8114528995817473,100.0,0.13300839535911854,0.2578840779876867,0.13651333753181494,0.2612597725749364,0.1416159750257896,0.2660977029455437,0.15262259699344685,0.2762449972338385,0.598954078125,0.633429875,0.005,0.0175,0.0,0.003,0.187,0.2410125,0.186,0.2385,0.11963920604376514,0.1755291657131468,0.24458046006797962,0.29625083605450464,0.33579682356637913,0.4012318787118417,0.24458046006797962,0.29625083605450464,0.04179403070091341,0.07188617100000122,0.73475083563812,0.845007767274898,2000,2000,256.8597996466383,0.25302026161788177
pythia70m_enron_N2000_lr5e-5_seed42_70ba,pythia-70m,enron,2000,2,5e-05,42,loss,0.6062500000000001,0.011,0.0,0.1965,0.19550000000000012,0.09519903862909794,0.2181731406808569,0.3013437370547941,0.2181731406808569,0.02167314068085688,0.9006608209735575,100.0,0.09247183555825618,0.21502538868498317,0.09519903862909794,0.2181731406808569,0.1034604183842118,0.227442760254324,0.14117151076412354,0.2656797985960953,0.5883738187499999,0.62416556875,0.005,0.01751249999999999,0.0,0.007,0.1684875,0.231,0.1630000000000001,0.22601250000000012,0.07937628765960904,0.1543435054025189,0.19921878060664489,0.2777979912992966,0.27623843134263804,0.37818295206658026,0.19921878060664489,0.2777979912992966,0.01600900868499707,0.07339410335565695,0.7293940325504243,0.933584974236346,2000,2000,222.2533835077147,0.2779736778084623
pythia70m_enron_N2000_lr5e-5_seed42_70ba,pythia-70m,enron,2000,2,5e-05,42,ref,0.677539,0.01,0.0005,0.32300000000000006,0.31899999999999984,0.2856719964812904,0.3779365002757013,0.49848864265337456,0.3779365002757013,0.05493650027570124,0.8546409245055041,100.0,0.29457493361715764,0.3837804930016361,0.2856719964812904,0.3779365002757013,0.3178151796479936,0.3986321485078653,0.3154890745268019,0.39717066515970306,0.6617551625,0.69396939375,0.0045,0.018,0.0,0.0035124999999999887,0.3024875,0.352,0.2909875,0.3500125,0.25827397585112394,0.3443295350655891,0.3593563512659065,0.41492742417348494,0.4770916156921776,0.5397264584648255,0.3593563512659065,0.41492742417348494,0.04494198876880157,0.07909385162138213,0.8002031714109787,0.8801637490303699,2000,2000,222.2533835077147,0.2779736778084623
pythia70m_enron_N2000_lr5e-5_seed42_70ba,pythia-70m,enron,2000,2,5e-05,42,zlib,0.5325345,0.0125,0.0,0.051000000000000045,0.058000000000000045,0.014647557730785517,0.08557907960122473,0.12058525664115269,0.08557907960122473,0.03457907960122468,0.5959400385894099,100.0,0.014308705626677208,0.08458340743513827,0.014647557730785517,0.08557907960122473,0.01784610567858528,0.09446191210902223,0.026298742354839786,0.11467070758227618,0.514802175,0.55118648125,0.007,0.0205,0.0,0.003,0.0365,0.086,0.045000000000000005,0.09702499999999986,0.012685087249327582,0.038849034494538824,0.07964005830629109,0.1393717860168479,0.11227181799637852,0.19520256881893266,0.07964005830629109,0.1393717860168479,0.02194341649437672,0.0792337554571822,0.3577227124082513,0.769216859538154,2000,2000,222.2533835077147,0.2779736778084623
pythia70m_enron_N2000_lr5e-5_seed42_70ba,pythia-70m,enron,2000,2,5e-05,42,mink,0.6810799999999999,0.011,0.0,0.29600000000000004,0.28150000000000014,0.275144098949918,0.3709070631235795,0.4904460443664354,0.3709070631235795,0.07490706312357948,0.7980435786454091,100.0,0.2256342778439686,0.3358826267046039,0.275144098949918,0.3709070631235795,0.2674880728748374,0.36571031765239914,0.2888245495766907,0.3800161506940795,0.66410883125,0.69834763125,0.005,0.018,0.0,0.007,0.268,0.329,0.2559874999999996,0.31451250000000014,0.21841665134640298,0.34479714128137895,0.33046682609955713,0.41520906442702243,0.44295544143582605,0.5400332913842004,0.33046682609955713,0.41520906442702243,0.038542053252790004,0.10955420239143156,0.7284288942220276,0.8889554972233014,2000,2000,222.2533835077147,0.2779736778084623
pythia70m_enron_N2000_lr5e-5_seed42_70ba,pythia-70m,enron,2000,2,5e-05,42,minkpp,0.71522775,0.0095,0.0025,0.3665,0.005999999999999953,0.009682624138243223,0.0695795377185104,0.09816261235214126,0.0695795377185104,-0.2969204622814896,5.267353190570267,100.0,0.007441445606607372,0.060997727853615055,0.009682624138243223,0.0695795377185104,0.01360621431097388,0.08248095025814713,0.01759102725593993,0.09378439970469483,0.69804614375,0.73195933125,0.0045,0.0165,0.0,0.005,0.33998750000000005,0.401,0.003499999999999979,0.14749999999999971,0.0029681838141068493,0.14493507301478614,0.0385239134441638,0.2691978282092548,0.054440638420555756,0.36731648881490453,0.0385239134441638,0.2691978282092548,-0.33956669102812675,-0.10380115214006547,1.3908176873411036,9.631985481821413,2000,2000,222.2533835077147,0.2779736778084623
pythia70m_enron_N2000_lr5e-5_seed42_70ba,pythia-70m,enron,2000,2,5e-05,42,rmia,0.67754225,0.01,0.0005,0.3225,0.32150000000000006,0.291797907810296,0.38196721574651926,0.5030711010259855,0.38196721574651926,0.05946721574651925,0.844313298903687,100.0,0.28936937061147383,0.3803744014858741,0.291797907810296,0.38196721574651926,0.3075763073724555,0.39215832731975453,0.3078567608082462,0.39233707498033255,0.6617662625,0.6939995812499999,0.005,0.018,0.0,0.005,0.3019875,0.3515,0.2969875,0.34651250000000006,0.26425613451601415,0.3404131185134213,0.3634942445893831,0.4125609760709177,0.48189535861278493,0.537143985724113,0.3634942445893831,0.4125609760709177,0.05124636364152738,0.07393082573569144,0.8105237218525319,0.8674121391950302,2000,2000,222.2533835077147,0.2779736778084623
pythia70m_enron_N2000_lr5e-5_seed42_70ba,pythia-70m,enron,2000,3,5e-05,42,loss,0.6527745,0.01,0.002,0.2795,0.2825000000000002,0.20006373532490823,0.31627814920170205,0.4258185380296315,0.31627814920170205,0.036778149201702026,0.8837158074481861,100.0,0.19080920834830511,0.3088763574217887,0.20006373532490823,0.31627814920170205,0.20742661143154875,0.3220455025548011,0.23596152238701612,0.34348327643934584,0.6349318625,0.67057810625,0.0055,0.015,0.0,0.0065,0.25548750000000003,0.31351249999999997,0.25198749999999986,0.31300000000000044,0.17241395369679266,0.24515968562955653,0.29361024649550566,0.3501140423230121,0.39795639847899766,0.46628364549176493,0.29361024649550566,0.3501140423230121,0.024041703834870455,0.051255596925569684,0.8446778979960182,0.9242596719389023,2000,2000,206.55418393170737,0.2960751970956298
pythia70m_enron_N2000_lr5e-5_seed42_70ba,pythia-70m,enron,2000,3,5e-05,42,ref,0.7247987499999999,0.01,0.001,0.4075000000000001,0.40800000000000003,0.44496690549910395,0.4716815162263113,0.5992950157119362,0.4716815162263113,0.06418151622631124,0.8639303979095989,100.0,0.42269429198586556,0.4597250765326303,0.44496690549910395,0.4716815162263113,0.46632805824343504,0.4828706132306226,0.5076391101923382,0.5038050764890813,0.7096264124999999,0.74089649375,0.005,0.0185,0.0,0.0055,0.38598750000000004,0.4345,0.38050000000000017,0.433,0.41291291955481474,0.5355310146289914,0.45437480053948126,0.5174606260878589,0.5816185140848791,0.6439267113980964,0.45437480053948126,0.5174606260878589,0.05443265340691249,0.10052928976328776,0.8010733316689513,0.8851535274192601,2000,2000,206.55418393170737,0.2960751970956298
pythia70m_enron_N2000_lr5e-5_seed42_70ba,pythia-70m,enron,2000,3,5e-05,42,zlib,0.5502855,0.0125,0.001,0.07350000000000007,0.08749999999999993,0.03446685874436167,0.1312761569066555,0.18406423444634665,0.1312761569066555,0.05777615690665544,0.5598884194352411,100.0,0.02799146595144933,0.11830356281923493,0.03446685874436167,0.1312761569066555,0.03913291270095008,0.13988014995157477,0.04913063540994492,0.15673326929842452,0.5327160125,0.5688604374999999,0.007,0.021,0.0,0.0045,0.0565,0.1085,0.06150000000000012,0.11700000000000026,0.024332445410885833,0.05838332876989191,0.11030060155865981,0.1708556785722757,0.15504450328843103,0.23814220198930636,0.11030060155865981,0.1708556785722757,0.032716152417875795,0.08758259977202157,0.4213447329386501,0.7434420404884463,2000,2000,206.55418393170737,0.2960751970956298
pythia70m_enron_N2000_lr5e-5_seed42_70ba,pythia-70m,enron,2000,3,5e-05,42,mink,0.735511375,0.0105,0.0025,0.38900000000000007,0.38699999999999946,0.4119987166833409,0.4538715218447512,0.5810979899944201,0.4538715218447512,0.06487152184475115,0.857070737593136,100.0,0.3871890049591399,0.4399937527733433,0.4119987166833409,0.4538715218447512,0.4282815096674056,0.4627534492942249,0.46538034284969576,0.48237969632318467,0.71963159375,0.75129213125,0.0055,0.015,0.0,0.0065,0.365,0.42101249999999996,0.35748749999999946,0.4185375000000003,0.3681708685557367,0.49306539535267635,0.4290517846358937,0.49652059139207605,0.5549784396282762,0.6238979664484837,0.4290517846358937,0.49652059139207605,0.049326521114778844,0.09530803248614218,0.800406548020515,0.8920328944988188,2000,2000,206.55418393170737,0.2960751970956298
pythia70m_enron_N2000_lr5e-5_seed42_70ba,pythia-70m,enron,2000,3,5e-05,42,minkpp,0.76670675,0.013,0.0005,0.45249999999999996,0.022000000000000016,0.02390514707905464,0.10932782600750515,0.15369346862780287,0.10932782600750515,-0.3431721739924948,4.138927997790212,100.0,0.02204711718895795,0.10499313593982693,0.02390514707905464,0.10932782600750515,0.02945586769098181,0.12135869909277582,0.04704039759401357,0.15336296422867807,0.750334459375,0.782087865625,0.0055,0.0205,0.0,0.004,0.4264875,0.481,0.016487500000000013,0.42551249999999924,0.015066987696455689,0.38865489854529955,0.08679566513440629,0.44082587168609166,0.12228669489923369,0.567478459742231,0.08679566513440629,0.44082587168609166,-0.3794057972285487,-0.013266315150447336,1.0300580275274251,5.255811269677435,2000,2000,206.55418393170737,0.2960751970956298
pythia70m_enron_N2000_lr5e-5_seed42_70ba,pythia-70m,enron,2000,3,5e-05,42,rmia,0.72480525,0.01,0.001,0.40700000000000003,0.4055000000000001,0.4606320297805181,0.4799125075367999,0.6075485318036301,0.4799125075367999,0.0729125075367999,0.8480712496720896,100.0,0.4532058256319387,0.4760282689252492,0.4606320297805181,0.4799125075367999,0.4706206917631115,0.4850879774654859,0.47727766810429917,0.48850673900382335,0.709638153125,0.74089,0.005,0.0185,0.0,0.0075,0.385975,0.434,0.38350000000000006,0.4325,0.42658274387228484,0.5175980936552337,0.4618347882090918,0.5087229535543991,0.5892912232717783,0.6356490744489741,0.4618347882090918,0.5087229535543991,0.06509103924591299,0.08322172042807359,0.8266765491600236,0.8661141357113191,2000,2000,206.55418393170737,0.2960751970956298
pythia70m_enron_N2000_lr5e-5_seed42_70ba,pythia-70m,enron,2000,5,5e-05,42,loss,0.732533,0.0115,0.0035,0.43250000000000005,0.43249999999999994,0.44877061425411147,0.473693262699667,0.6013214409679215,0.473693262699667,0.041193262699666944,0.9130381072660844,100.0,0.4380589065898907,0.46800582613354863,0.44877061425411147,0.473693262699667,0.4618322373920352,0.48053732289596157,0.47048006684620713,0.485015498126713,0.71616996875,0.7489326812499999,0.0045,0.019,0.0005,0.006,0.4075,0.461,0.4034999999999997,0.45749999999999996,0.4048746316591386,0.5096137470351493,0.4499303430143386,0.5047839865009882,0.5770091517702405,0.6318800773398456,0.4499303430143386,0.5047839865009882,0.032963810958004366,0.054586078106159716,0.8861878350523269,0.9303381708469273,2000,2000,205.61785656307958,0.32159537182835773
pythia70m_enron_N2000_lr5e-5_seed42_70ba,pythia-70m,enron,2000,5,5e-05,42,ref,0.79866625,0.013,0.0,0.552,0.5485000000000001,0.7809468346165731,0.6248787220799621,0.7362253852999311,0.6248787220799621,0.07287872207996204,0.8833714135162436,100.0,0.7526196505835003,0.6134409713181458,0.7809468346165731,0.6248787220799621,0.7915618291812663,0.6291112100341506,0.8161911643654327,0.6388235923811176,0.7851769875,0.8130330687499999,0.006,0.0195,0.0,0.0035,0.531,0.5765,0.523,0.5735,0.7358602936755991,0.8576408494917176,0.6065724573581285,0.654843817062646,0.7217387875645839,0.7588401914363601,0.6065724573581285,0.654843817062646,0.06387569187219598,0.08984907180581336,0.8588529985438953,0.897772957933914,2000,2000,205.61785656307958,0.32159537182835773
pythia70m_enron_N2000_lr5e-5_seed42_70ba,pythia-70m,enron,2000,5,5e-05,42,zlib,0.58912225,0.0115,0.0025,0.13200000000000006,0.13449999999999976,0.06782810369678384,0.184157682023835,0.25608380795634855,0.184157682023835,0.052157682023834945,0.7167770496965512,100.0,0.059668827799798624,0.17272641344015488,0.06782810369678384,0.184157682023835,0.07559655806062208,0.19441779504538942,0.08146696611771569,0.20182537763833824,0.5714203562500001,0.6076911125,0.0035,0.0225,0.0005,0.005,0.106,0.166,0.10949999999999999,0.16651250000000045,0.05359846356794859,0.09484526318959723,0.16370469853258798,0.2177673749618867,0.22844557669214155,0.3008094696394356,0.16370469853258798,0.2177673749618867,0.03333965097395745,0.07512059151920895,0.6040861960579367,0.8233331546612616,2000,2000,205.61785656307958,0.32159537182835773
pythia70m_enron_N2000_lr5e-5_seed42_70ba,pythia-70m,enron,2000,5,5e-05,42,mink,0.8212095,0.0115,0.0035,0.557,0.5394999999999998,0.842940025359994,0.6492072185981892,0.7546899048525861,0.6492072185981892,0.09220721859818914,0.8579695111873694,100.0,0.8117311508255328,0.6370758003666176,0.842940025359994,0.6492072185981892,0.8675218237102106,0.658605277730983,0.8817490207077809,0.6639838178403826,0.80683330625,0.8348857375,0.0054875000000000115,0.018512499999999987,0.0005,0.006,0.5354875,0.585,0.5145000000000003,0.5714999999999997,0.7800539765869503,0.9480933177680828,0.6245214032750372,0.6885104638577106,0.735947498634621,0.7826371322600356,0.6245214032750372,0.6885104638577106,0.07563139422879968,0.11751268641745605,0.8269483533490111,0.8819839107567233,2000,2000,205.61785656307958,0.32159537182835773
pythia70m_enron_N2000_lr5e-5_seed42_70ba,pythia-70m,enron,2000,5,5e-05,42,minkpp,0.8724570000000001,0.0105,0.0015,0.6885,0.011000000000000012,0.011059813469420246,0.07436334268112295,0.1048755385309155,0.07436334268112295,-0.614136657318877,9.258594021954515,100.0,0.009039729260888769,0.06722993849799644,0.011059813469420246,0.07436334268112295,0.014604788763954126,0.08545404836505444,0.030972973724803694,0.12444471407979467,0.85987299375,0.88528543125,0.005,0.023012499999999988,0.0,0.0055,0.6675,0.7130124999999999,0.007499999999999936,0.017000000000000032,0.007527362295893779,0.017145306801235827,0.0613488479757108,0.09258862457460912,0.08659735940335135,0.13038083620870838,0.0613488479757108,0.09258862457460912,-0.6421175330009319,-0.5860225252424938,7.408981843828691,11.443187285680903,2000,2000,205.61785656307958,0.32159537182835773
pythia70m_enron_N2000_lr5e-5_seed42_70ba,pythia-70m,enron,2000,5,5e-05,42,rmia,0.7986586250000001,0.0125,0.0,0.552,0.5439999999999999,0.7938135641471407,0.630005382575078,0.740190971948747,0.630005382575078,0.07800538257507794,0.8761829902845599,100.0,0.7654878150328835,0.6186629999575227,0.7938135641471407,0.630005382575078,0.7976902108044448,0.6315418477046651,0.8212330450668465,0.6407936661152506,0.785163190625,0.812992715625,0.0065,0.019512499999999988,0.0005,0.0045,0.5309875000000001,0.5760124999999999,0.5215,0.5665125,0.7462760838653811,0.8637874726986589,0.610850261305405,0.6571862262835997,0.7251697139818908,0.7605508533716208,0.610850261305405,0.6571862262835997,0.06855750054301335,0.09126891231181927,0.857124590241909,0.8917050423910505,2000,2000,205.61785656307958,0.32159537182835773
pythia70m_enron_N2000_lr5e-5_seed42_70ba,pythia-70m,enron,2000,10,5e-05,42,loss,0.86861175,0.0165,0.0015,0.6920000000000001,0.6784999999999997,1.259189079884062,0.7934699363819848,0.8462362905564438,0.7934699363819848,0.10146993638198476,0.8721187385565469,100.0,1.2415666444118776,0.7878980404887036,1.259189079884062,0.7934699363819848,1.2692747430203475,0.796641306680851,1.2995786793669557,0.8060951182605424,0.8563955562500001,0.88100073125,0.0075,0.0315,0.0,0.0065,0.672,0.715,0.6574999999999995,0.7029999999999995,1.1769654009645316,1.3692932124150812,0.7671262610620918,0.8274337467751857,0.8317375651271891,0.8635469737328211,0.7671262610620918,0.8274337467751857,0.08668710651805883,0.12086942069451792,0.852239360348861,0.8887204294611578,2000,2000,438.8737911014195,0.36241268042036373
pythia70m_enron_N2000_lr5e-5_seed42_70ba,pythia-70m,enron,2000,10,5e-05,42,ref,0.90434025,0.017,0.002,0.7875,0.7680000000000002,1.7340353039811647,0.9311378265276212,0.9074301874160458,0.9074301874160458,0.11993018741604577,0.8678353562850348,100.0,1.7179494939951805,0.9058511462547286,1.7340353039811647,0.9074301874160458,1.7878544385298374,0.9125136834348385,1.8083548620766159,0.9143721386753877,0.8927320437499999,0.9153881375,0.01,0.0255,0.0,0.0075,0.769,0.8050125,0.748,0.7940125000000003,1.630512150521354,1.888784898493113,0.9029153005403335,0.971798564085038,0.8967556495506932,0.9212733100978888,0.8967556495506932,0.9212733100978888,0.10935042340125159,0.1329464610683619,0.8525239357795391,0.8800805844114029,2000,2000,438.8737911014195,0.36241268042036373
pythia70m_enron_N2000_lr5e-5_seed42_70ba,pythia-70m,enron,2000,10,5e-05,42,zlib,0.70933,0.054,0.001,0.304,0.2770000000000001,0.26895009167719497,0.3667083934662493,0.48561157965171453,0.3667083934662493,0.06270839346624929,0.8289965689808494,100.0,0.27919140899179273,0.3736250854745923,0.26895009167719497,0.3667083934662493,0.3085633916213959,0.39278708712316135,0.3491117904603324,0.4177988693500333,0.6934315000000001,0.725542975,0.0085,0.07,0.0,0.006,0.276,0.336,0.24850000000000044,0.3089999999999996,0.23619370058437977,0.3103904823696392,0.3436522225982042,0.39394827128729537,0.4586635932907772,0.5165649856353723,0.3436522225982042,0.39394827128729537,0.04506457200092175,0.08149122094372006,0.7782243456487066,0.8762762681122993,2000,2000,438.8737911014195,0.36241268042036373
pythia70m_enron_N2000_lr5e-5_seed42_70ba,pythia-70m,enron,2000,10,5e-05,42,mink,0.91534225,0.017,0.002,0.808,0.7989999999999996,2.0445520051470667,1.011076655142197,0.9330390320764969,0.9330390320764969,0.1250390320764968,0.8659873512491542,100.0,1.988966843334804,0.929065807025653,2.0445520051470667,0.9330390320764969,2.1063650489507477,0.9371875679773368,2.1259059351629235,0.9384429557853892,0.90371495,0.9257347375,0.0074875000000000115,0.031012499999999988,0.0,0.0065,0.791,0.827,0.7819999999999997,0.8204999999999997,1.9233933185390912,2.2167032537173355,0.9806613375182491,1.0527828012279419,0.92406151225871,0.9439450425391908,0.92406151225871,0.9439450425391908,0.11121185290635209,0.13843910805303253,0.8514486995898661,0.8810767562819506,2000,2000,438.8737911014195,0.36241268042036373
pythia70m_enron_N2000_lr5e-5_seed42_70ba,pythia-70m,enron,2000,10,5e-05,42,minkpp,0.9430974999999999,0.0405,0.0105,0.876,0.0005000000000001084,0.000500016743694828,0.01581165303968608,0.02235825923804473,0.01581165303968608,-0.8601883469603139,55.402176976771806,100.0,0.0005000167686956615,0.01581165343497734,0.000500016743694828,0.01581165303968608,0.001000283637527663,0.02236385071412863,0.0010002834374712576,0.022363848477747045,0.93396159375,0.95154940625,0.0215,0.05951249999999999,0.0025,0.018,0.862,0.891,0.0004999999999998987,0.04901250000000001,0.000500016743694828,0.050252976949753524,0.01581165303968608,0.1585133174573773,0.02235825923804473,0.22138462026309821,0.01581165303968608,0.1585133174573773,-0.8731995136903563,-0.7185054236679884,5.5291704028589646,56.22435540222618,2000,2000,438.8737911014195,0.36241268042036373
pythia70m_enron_N2000_lr5e-5_seed42_70ba,pythia-70m,enron,2000,10,5e-05,42,rmia,0.90433425,0.017,0.0,0.787,0.775,1.7497699210507571,0.9353528534865218,0.9089477819013645,0.9089477819013645,0.12194778190136446,0.8658363171905537,100.0,1.698072423778283,0.9038606086820805,1.7497699210507571,0.9089477819013645,1.76457350179448,0.9103516831895797,1.788311466027642,0.912555573248245,0.892722609375,0.9153806,0.01,0.0255,0.001,0.009,0.7685,0.805,0.7555,0.7934999999999999,1.639322766066446,1.881320415176628,0.905351524543281,0.9698763873618992,0.8977129514997201,0.9206580486480744,0.8977129514997201,0.9206580486480744,0.11051152177369221,0.13365717467472765,0.8526341868726307,0.8787959392122298,2000,2000,438.8737911014195,0.36241268042036373
pythia70m_enron_N2000_lr5e-5_seed42_70ba,pythia-70m,enron,2000,15,5e-05,42,loss,0.9153060000000001,0.0335,0.001,0.8065,0.8009999999999992,1.9017981050508368,0.9751405296291497,0.9223340388496057,0.9223340388496057,0.11583403884960575,0.874412052498809,100.0,1.902867286269626,0.9224205237234839,1.9017981050508368,0.9223340388496057,1.9680606806474492,0.9275087223252616,1.9791651700400819,0.9283401586847383,0.90439719375,0.925925375,0.0095,0.0445,0.0,0.0055,0.7894875,0.8255125,0.7824874999999992,0.8199999999999991,1.777866437841806,2.0548803206964963,0.9428325507599787,1.013627229409138,0.9115929291436164,0.933751483680628,0.9115929291436164,0.933751483680628,0.10351105810987421,0.12821194441538059,0.8606621039255373,0.8883293056123475,2000,2000,1301.667788792001,0.3790946299628132
pythia70m_enron_N2000_lr5e-5_seed42_70ba,pythia-70m,enron,2000,15,5e-05,42,ref,0.93167225,0.022,0.004,0.863,0.85,2.2731980735250503,1.06611398863467,0.9471101794965195,0.9471101794965195,0.08411017949651955,0.9111928249559811,100.0,2.2086043770169166,0.9434755661133907,2.2731980735250503,0.9471101794965195,2.2806846448220606,0.9475155923097859,2.319653763264942,0.9495748430634754,0.9218381312499999,0.9413025187499999,0.0145,0.03151249999999999,0.0005,0.011,0.8474875000000001,0.8785124999999999,0.8334999999999998,0.8704999999999997,2.1104742997447166,2.437734097766599,1.0272473651774698,1.10402311871591,0.9374537441405779,0.9553226809097378,0.9374537441405779,0.9553226809097378,0.07315623430288969,0.09398254300374273,0.9006096827623223,0.922843408369776,2000,2000,1301.667788792001,0.3790946299628132
pythia70m_enron_N2000_lr5e-5_seed42_70ba,pythia-70m,enron,2000,15,5e-05,42,zlib,0.8044564999999999,0.0835,0.0015,0.4525,0.4364999999999997,0.5685059147847484,0.5331537839989268,0.6585051150755072,0.5331537839989268,0.08065378399892675,0.8487232269196665,100.0,0.5280809722838608,0.5138486996596667,0.5685059147847484,0.5331537839989268,0.6246183646276053,0.5588462957860619,0.6633294138353706,0.5759033833184914,0.79084163125,0.8176962562500001,0.0115,0.132,0.0,0.0095,0.4284875,0.482,0.40549999999999914,0.46402499999999974,0.5132662195746125,0.6354572171736419,0.5065896685435579,0.5636742042913748,0.6336107120516183,0.6857891453641118,0.5065896685435579,0.5636742042913748,0.06356604977896804,0.09449282108673178,0.8248993067406359,0.8808550292658399,2000,2000,1301.667788792001,0.3790946299628132
pythia70m_enron_N2000_lr5e-5_seed42_70ba,pythia-70m,enron,2000,15,5e-05,42,mink,0.932373,0.034,0.001,0.875,0.8675000000000014,2.5680937367445043,1.1331579185498604,0.9608945928304293,0.9608945928304293,0.08589459283042933,0.9106097656586696,100.0,2.458255182331495,0.9562509348996494,2.5680937367445043,0.9608945928304293,2.5456969912687066,0.959990429116242,2.6031306647510637,0.9622674180592881,0.92185235625,0.942454875,0.0095,0.045,0.0,0.0055,0.8625,0.8910125,0.8540000000000014,0.8855,2.4091611662879577,2.7925114166690292,1.0975338622441193,1.1816326436530296,0.9539965040544761,0.9688822653619978,0.9539965040544761,0.9688822653619978,0.07344632892878507,0.0963336127827497,0.899871164189284,0.9235036256705094,2000,2000,1301.667788792001,0.3790946299628132
pythia70m_enron_N2000_lr5e-5_seed42_70ba,pythia-70m,enron,2000,15,5e-05,42,minkpp,0.9553647500000001,0.0425,0.0075,0.9185000000000001,0.008000000000000087,0.008031476595085312,0.06336985322330056,0.08943886436219356,0.06336985322330056,-0.8551301467766995,14.49427374817203,100.0,0.005514607090697593,0.05251003280658656,0.008031476595085312,0.06336985322330056,0.010554594437558393,0.07264500821652646,0.017653767007208578,0.09395149548359669,0.9468639437499999,0.9629044250000001,0.027,0.0625,0.001,0.0125,0.9065,0.931,0.0049999999999999255,0.02199999999999992,0.0050119749823261525,0.022244643310033316,0.05005983910444655,0.10546241821149681,0.0707066898732231,0.1483207861571599,0.05005983910444655,0.10546241821149681,-0.873442039522228,-0.811872927005593,8.756436480636573,18.438178769172442,2000,2000,1301.667788792001,0.3790946299628132
pythia70m_enron_N2000_lr5e-5_seed42_70ba,pythia-70m,enron,2000,15,5e-05,42,rmia,0.931697625,0.0215,0.0,0.8620000000000001,0.8359999999999996,2.2230021858447877,1.0542775217761184,0.9443074006594234,0.9443074006594234,0.08230740065942332,0.9128383399283465,100.0,1.883949138546324,0.9208752930782403,2.2230021858447877,0.9443074006594234,2.2511428643528766,0.9458970153499311,2.2731341166920735,0.9471067022638137,0.9218259875,0.941270190625,0.0155,0.032,0.0035,0.012,0.8464875000000001,0.8775124999999999,0.8214999999999999,0.8535124999999997,2.0880332590498822,2.381993306043322,1.0217713184918014,1.0913279296434018,0.9359857700738446,0.9526981251148765,0.9359857700738446,0.9526981251148765,0.07214914366976279,0.09254706014768711,0.9017524806407504,0.9238776655725777,2000,2000,1301.667788792001,0.3790946299628132
pythia70m_enron_N2000_lr5e-5_seed42_70ba,pythia-70m,enron,2000,20,5e-05,42,loss,0.92624975,0.0365,0.0045,0.8325,0.822499999999999,2.104193428323735,1.0257176581115621,0.937046428314355,0.937046428314355,0.10454642831435501,0.8884298310571198,100.0,2.0288150362597777,0.9319381732593871,2.104193428323735,0.937046428314355,2.1810776435432437,0.9418493628071786,2.2357049760479737,0.9450308304256139,0.9157104187499999,0.93643674375,0.014,0.050512499999999995,0.0,0.0095,0.8184875,0.852,0.8034874999999988,0.8404999999999989,1.9644801803041618,2.2700469103079435,0.9910802608238526,1.0653747926481307,0.9272384971511931,0.9469385724098869,0.9272384971511931,0.9469385724098869,0.09060673349892978,0.11484530704990972,0.8773245211763081,0.9033536707930696,2000,2000,2116.220253968314,0.38207278569843633
pythia70m_enron_N2000_lr5e-5_seed42_70ba,pythia-70m,enron,2000,20,5e-05,42,ref,0.9391780000000001,0.029,0.0055,0.8795,0.8750000000000004,2.349366098054824,1.0838279609916937,0.9510890410060393,0.9510890410060393,0.07158904100603936,0.9247294018546212,100.0,2.2756396558575602,0.947242748815553,2.349366098054824,0.9510890410060393,2.426667945445959,0.9548137696048967,2.4229698275892093,0.9546423794607658,0.9297361375000001,0.9481156625,0.016,0.042,0.0005,0.011,0.8659875,0.8945,0.8529999999999998,0.8890000000000006,2.215725677913622,2.531628345989711,1.0525506335673003,1.1250840737129604,0.943888586914344,0.9594115834971517,0.943888586914344,0.9594115834971517,0.06216828657843121,0.0815219020031627,0.9141829506910975,0.93488786838848,2000,2000,2116.220253968314,0.38207278569843633
pythia70m_enron_N2000_lr5e-5_seed42_70ba,pythia-70m,enron,2000,20,5e-05,42,zlib,0.8404354999999999,0.103,0.0075,0.521,0.5104999999999998,0.7005752429777229,0.5918510129152956,0.7097184450696185,0.5918510129152956,0.07085101291529561,0.8802891076145954,100.0,0.6562434438505089,0.5728191005241136,0.7005752429777229,0.5918510129152956,0.7898330230174551,0.6284238311113985,0.8245601185718668,0.6420903824898279,0.827979275,0.85268429375,0.0185,0.1530125,0.0,0.0145,0.49948750000000003,0.5505,0.4679999999999999,0.5339999999999998,0.6415185538248809,0.7694757074805155,0.5663561396439483,0.6202723993006233,0.6881189506343894,0.7326282172827377,0.5663561396439483,0.6202723993006233,0.055301730328731334,0.08188668560821108,0.8642689998393721,0.9060853591453221,2000,2000,2116.220253968314,0.38207278569843633
pythia70m_enron_N2000_lr5e-5_seed42_70ba,pythia-70m,enron,2000,20,5e-05,42,mink,0.9374225,0.037,0.0045,0.8885,0.8855000000000001,2.668643442104721,1.1551284435301385,0.9647039785800312,0.9647039785800312,0.07620397858003125,0.9210079150993059,100.0,2.6197640416077483,0.9629018416740315,2.668643442104721,0.9647039785800312,2.6945788397698163,0.9656237186760082,2.7424659932214053,0.9672583351802974,0.9274581187500001,0.9471151812499999,0.014487500000000013,0.050012499999999994,0.0,0.01,0.8755,0.9025,0.8694874999999986,0.899,2.4808973277306725,2.8987247500789737,1.1137543103459089,1.203894668829418,0.9572522581728783,0.9720630462597916,0.9572522581728783,0.9720630462597916,0.06486989058658996,0.08684551986718149,0.9100573299698105,0.9328279647810129,2000,2000,2116.220253968314,0.38207278569843633
pythia70m_enron_N2000_lr5e-5_seed42_70ba,pythia-70m,enron,2000,20,5e-05,42,minkpp,0.96146725,0.047,0.01,0.9195,0.002000000000000022,0.002001670744998513,0.03163598224331365,0.04471765577623509,0.03163598224331365,-0.8878640177566863,29.065005566386006,100.0,0.0020016708450818137,0.03163598303421133,0.002001670744998513,0.03163598224331365,0.0025026897439770347,0.035374353308414236,0.003505481457216526,0.041865746483351556,0.9539582875,0.96894341875,0.028,0.08251249999999999,0.0005,0.024,0.9089875000000001,0.9325,0.0009999999999999736,0.007512500000000107,0.0010002837375560068,0.007540278432211307,0.02236385183232091,0.06140064973029043,0.03161935515700932,0.08667019227942059,0.02236385183232091,0.06140064973029043,-0.9061251814248554,-0.8552354344406069,14.908817216049428,41.631357021174416,2000,2000,2116.220253968314,0.38207278569843633
pythia70m_enron_N2000_lr5e-5_seed42_70ba,pythia-70m,enron,2000,20,5e-05,42,rmia,0.93922075,0.0255,0.0,0.879,0.8784999999999998,2.276033027258919,1.066778568227474,0.947264075505095,0.947264075505095,0.06826407550509495,0.9279355384941674,100.0,1.9629927860534329,0.9271259396690953,2.276033027258919,0.947264075505095,2.3132170794846187,0.9492405209795893,2.372666378465202,0.9522437695823888,0.929759453125,0.9481832625,0.0165,0.0425,0.007,0.0165,0.865,0.894,0.8639999999999999,0.8925,2.1430316688073994,2.4341678887938376,1.0351404848856278,1.1032152752771223,0.9395218441350994,0.9551593222291486,0.9395218441350994,0.9551593222291486,0.05926965248311565,0.07638134733641828,0.9189602225066076,0.9377251673576851,2000,2000,2116.220253968314,0.38207278569843633
pythia70m_enron_N500_lr5e-5_seed42_ad91,pythia-70m,enron,500,1,5e-05,42,loss,0.617177,0.012,0.0,0.22949999999999998,0.21849999999999986,0.12352514357142115,0.248520767312735,0.34088206304983026,0.248520767312735,0.019020767312735026,0.9234640729690023,25.0,0.1062269440563399,0.2304636023934581,0.12352514357142115,0.248520767312735,0.13893282374561772,0.26356481531647746,0.1459611500545313,0.27014917180562603,0.59119375,0.6451974,0.002,0.024,0.0,0.006,0.1849875,0.283,0.17996250000000016,0.2785000000000001,0.09938852721761722,0.20546877063012556,0.22292209108456112,0.3205220511907861,0.3075859539755106,0.4309692295252277,0.22292209108456112,0.3205220511907861,0.009034566113660387,0.06453584511227119,0.760442652451123,0.9628337777315155,500,2000,432.42951210615735,0.20571583142287833
pythia70m_enron_N500_lr5e-5_seed42_ad91,pythia-70m,enron,500,1,5e-05,42,ref,0.68719,0.012,0.002,0.3135,0.2900000000000001,0.27617742797528905,0.371602898249791,0.49124504265938107,0.371602898249791,0.05810289824979098,0.8436425051487777,25.0,0.25156980644939825,0.3546616743104605,0.27617742797528905,0.371602898249791,0.29270551306548476,0.38256078802295246,0.33735504483955425,0.41070369175328475,0.6629378,0.71061545,0.002,0.026,0.0,0.006,0.281,0.362,0.26598750000000004,0.34649999999999986,0.24144796310361422,0.3677953687292015,0.3474535649125624,0.42883292392992933,0.46315258717200297,0.5547442278185738,0.3474535649125624,0.42883292392992933,0.04125411374535862,0.09516183526067618,0.7596571482640392,0.8924150201236282,500,2000,432.42951210615735,0.20571583142287833
pythia70m_enron_N500_lr5e-5_seed42_ad91,pythia-70m,enron,500,1,5e-05,42,zlib,0.5336460000000001,0.026,0.0,0.06550000000000006,0.060000000000000046,0.022193171550169588,0.10534033308797155,0.14815098677015226,0.10534033308797155,0.0398403330879715,0.6217941227250522,25.0,0.01598411859802337,0.08939831821131583,0.022193171550169588,0.10534033308797155,0.02764467310394575,0.11756843348438761,0.04843160380185334,0.15561427280595655,0.506573025,0.56076565,0.012,0.042,0.0,0.006,0.04,0.11651249999999999,0.05698749999999992,0.12352499999999986,0.021551537116817284,0.06300475890801135,0.10380639881892025,0.17748906862983632,0.14601699174633073,0.2471051884199837,0.10380639881892025,0.17748906862983632,0.026758170050316308,0.1023213609269084,0.31022700533818626,0.7970580233614124,500,2000,432.42951210615735,0.20571583142287833
pythia70m_enron_N500_lr5e-5_seed42_ad91,pythia-70m,enron,500,1,5e-05,42,mink,0.726282,0.03,0.002,0.371,0.3435,0.34187590866110446,0.4134464346569604,0.538111179740383,0.4134464346569604,0.04244643465696041,0.8973351053512445,25.0,0.3372077031659129,0.4106139934085984,0.34187590866110446,0.4134464346569604,0.35651690442931666,0.4222066463411706,0.3934299786177884,0.4435256354585315,0.702433525,0.751065125,0.008,0.05,0.0,0.008,0.33348750000000005,0.42051249999999996,0.312,0.40301249999999994,0.28724914363339976,0.4460132865598487,0.3789782961267926,0.47223579139457444,0.49967507815591594,0.5998539258972312,0.3789782961267926,0.47223579139457444,0.024628658389355306,0.0704385723275791,0.8382031943070296,0.9396150203158784,500,2000,432.42951210615735,0.20571583142287833
pythia70m_enron_N500_lr5e-5_seed42_ad91,pythia-70m,enron,500,1,5e-05,42,minkpp,0.7044900000000001,0.012,0.0,0.35400000000000004,0.006000000000000004,0.03095737403944581,0.12441337154712473,0.1745941041835895,0.12441337154712473,-0.2295866284528753,2.8453533217361087,25.0,0.025239364876701784,0.11233735994027495,0.03095737403944581,0.12441337154712473,0.027090938779045393,0.11638500500288985,0.032431626784651175,0.12734132633330622,0.678817625,0.73037735,0.0,0.030049999999999952,0.0,0.002,0.318,0.4065,0.0034999999999999714,0.015012500000000002,0.005012083052566642,0.15388163673305846,0.05006037880682991,0.27738204494948765,0.07070745026355077,0.3776591879263271,0.05006037880682991,0.27738204494948765,-0.3292695709947197,-0.0905877727425991,1.3457345847517392,7.410947265289357,500,2000,432.42951210615735,0.20571583142287833
pythia70m_enron_N500_lr5e-5_seed42_ad91,pythia-70m,enron,500,1,5e-05,42,rmia,0.6871575,0.012,0.0,0.313,0.3075,0.294138993577825,0.3834964103989925,0.5048040114777033,0.3834964103989925,0.07049641039899252,0.8161745234443067,25.0,0.2838189714130691,0.37670875448618735,0.294138993577825,0.3834964103989925,0.30660725865143457,0.3915400737162382,0.3503444444656576,0.41853580758739006,0.6629073624999999,0.7105816125,0.002,0.026,0.0,0.006049999999999955,0.28048750000000006,0.36151249999999996,0.278,0.35750000000000004,0.256515142844954,0.3845744726609577,0.3581306624912954,0.4385056839206434,0.4756645059185857,0.5650307501254266,0.3581306624912954,0.4385056839206434,0.05429737576596002,0.10542950444039219,0.739131463637116,0.8624601545949676,500,2000,432.42951210615735,0.20571583142287833
pythia70m_enron_N500_lr5e-5_seed42_ad91,pythia-70m,enron,500,2,5e-05,42,loss,0.6760775000000001,0.012,0.0,0.31699999999999995,0.30549999999999955,0.23734639217169223,0.3444897619463402,0.4596541798558971,0.3444897619463402,0.02748976194634023,0.9202015125470632,25.0,0.2258796624266756,0.33606521869026823,0.23734639217169223,0.3444897619463402,0.25472328876516664,0.3568776322250854,0.281490921949806,0.3751605802518476,0.651397675,0.700094625,0.002,0.03,0.0,0.004,0.2735,0.364,0.2584999999999998,0.3529999999999995,0.20099860522091292,0.3274492354767448,0.3170162407892264,0.40462898718620566,0.4267158486645977,0.5284317549235181,0.3170162407892264,0.40462898718620566,0.017824921893323745,0.06376297889563944,0.8198974954863372,0.9493495113328256,500,2000,371.85947985544595,0.23457620037280655
pythia70m_enron_N500_lr5e-5_seed42_ad91,pythia-70m,enron,500,2,5e-05,42,ref,0.7709250000000001,0.012,0.0,0.49200000000000005,0.48850000000000027,0.6242740143918817,0.5586922294035785,0.6814321964047849,0.5586922294035785,0.0666922294035785,0.8806279631367443,25.0,0.6001169998602868,0.547775957787619,0.6242740143918817,0.5586922294035785,0.6810495435277768,0.583545004060431,0.7257047711326404,0.6023722981398798,0.751965325,0.7885063,0.0,0.022,0.0,0.0,0.4675,0.5290125,0.46200000000000024,0.5265,0.5789774499380342,0.9334361271668091,0.5380415631003712,0.6831676647701992,0.662969692857898,0.7789734843287641,0.5380415631003712,0.6831676647701992,0.056429613362083006,0.1800718426857476,0.7349320900357688,0.8998206589510436,500,2000,371.85947985544595,0.23457620037280655
pythia70m_enron_N500_lr5e-5_seed42_ad91,pythia-70m,enron,500,2,5e-05,42,zlib,0.5525760000000001,0.034,0.002,0.08949999999999997,0.09349999999999989,0.04601149766418346,0.15167646103496657,0.2120589976820636,0.15167646103496657,0.0621764610349666,0.5900717843051941,25.0,0.028811045106198203,0.1200230084321298,0.04601149766418346,0.15167646103496657,0.050333962920147975,0.15864104594988646,0.07625618612398216,0.19526416225716148,0.5256441,0.57952735,0.017950000000000046,0.050049999999999956,0.0,0.016049999999999953,0.06048750000000001,0.141,0.07099999999999997,0.15002500000000027,0.03805389583252675,0.08737744135334874,0.13793820050744962,0.2090184604512767,0.1932328708713049,0.28925563590278014,0.13793820050744962,0.2090184604512767,0.036893744201021456,0.10857812389867541,0.3841262430766709,0.7758937834705232,500,2000,371.85947985544595,0.23457620037280655
pythia70m_enron_N500_lr5e-5_seed42_ad91,pythia-70m,enron,500,2,5e-05,42,mink,0.8100160000000001,0.014,0.002,0.5005,0.49200000000000105,0.6820012751056312,0.5839525987208342,0.703132899073417,0.5839525987208342,0.08345259872083421,0.8570901150133766,25.0,0.6865646258251471,0.5859029893357548,0.6820012751056312,0.5839525987208342,0.7109400911478576,0.5962130873890046,0.7281067582815949,0.6033683610704139,0.79202185,0.8277209499999999,0.002,0.026,0.0,0.006,0.46798750000000006,0.544,0.45298749999999954,0.5320125000000011,0.6149231613229994,0.8112108615800018,0.5544921826370596,0.6368715933709829,0.6777297107589558,0.745439642462329,0.5544921826370596,0.6368715933709829,0.06601438062006994,0.11441396702369176,0.8123910031476668,0.8868693450130162,500,2000,371.85947985544595,0.23457620037280655
pythia70m_enron_N500_lr5e-5_seed42_ad91,pythia-70m,enron,500,2,5e-05,42,minkpp,0.812709,0.014,0.0,0.531,0.003000000000000048,0.002557894648940072,0.03576237302626933,0.05054330839932514,0.03576237302626933,-0.4952376269737307,14.848007977824984,25.0,0.001500803566217119,0.027393462415484456,0.002557894648940072,0.03576237302626933,0.008914039200463419,0.06676091371627346,0.04829575142502825,0.15539586774594144,0.793833625,0.832248525,0.006,0.032,0.0,0.004,0.4975,0.5710249999999999,0.0015000000000000002,0.4395750000000007,0.0015009047012917768,0.5183122851718723,0.027394385385437616,0.5090738036687418,0.03872697906030948,0.6359836577860539,0.027394385385437616,0.5090738036687418,-0.527275160335168,-0.02607374309379286,1.0526453386015049,19.709353028633807,500,2000,371.85947985544595,0.23457620037280655
pythia70m_enron_N500_lr5e-5_seed42_ad91,pythia-70m,enron,500,2,5e-05,42,rmia,0.7709485,0.012,0.0,0.49200000000000005,0.48349999999999993,0.6274724380477548,0.5601216109238041,0.682686119337949,0.5601216109238041,0.06812161092380403,0.8783806773471003,25.0,0.610171101457327,0.5523454994192163,0.6274724380477548,0.5601216109238041,0.636309629418383,0.5640521382897077,0.6776791564024434,0.5820992855185632,0.7520275000000001,0.7885368625,0.0,0.024,0.0,0.0,0.467,0.5290125,0.4554875,0.5165124999999999,0.579106451491935,0.722515651081919,0.5381014986061662,0.6010472739429428,0.6630242131637263,0.7172661318569244,0.5381014986061662,0.6010472739429428,0.057490042481539806,0.08881557166176005,0.844214207691993,0.8987864898528327,500,2000,371.85947985544595,0.23457620037280655
pythia70m_enron_N500_lr5e-5_seed42_ad91,pythia-70m,enron,500,3,5e-05,42,loss,0.717615,0.008,0.0,0.386,0.3790000000000005,0.38288836156419287,0.43754334731783595,0.564013279931862,0.43754334731783595,0.05154334731783594,0.8821983064448371,25.0,0.3776372733204563,0.4345326646642668,0.38288836156419287,0.43754334731783595,0.3994238747293306,0.44689141563098445,0.41676074683677944,0.4564869915105903,0.694289875,0.740007475,0.0,0.016,0.0,0.0,0.3504875,0.43401249999999997,0.33748749999999966,0.4200125000000007,0.32843914076820335,0.48092879886160605,0.4052401364112297,0.4903716906210176,0.5291060827501597,0.6178924316316694,0.4052401364112297,0.4903716906210176,0.03487177638279931,0.07504264759938431,0.8345551762679417,0.919827365012418,500,2000,358.61025312757374,0.2512908962355109
pythia70m_enron_N500_lr5e-5_seed42_ad91,pythia-70m,enron,500,3,5e-05,42,ref,0.8096029999999999,0.012,0.0,0.548,0.5434999999999999,0.7812654066609873,0.6250061626340124,0.736324447412581,0.6250061626340124,0.07700616263401239,0.8767913546492417,25.0,0.7557945209789584,0.6147334873662563,0.7812654066609873,0.6250061626340124,0.8313865093099245,0.6447427817780996,0.8979167925760577,0.6700435779022353,0.792626075,0.82581185,0.0,0.022,0.0,0.0,0.5254875,0.583,0.5149999999999999,0.5795124999999999,0.7319048260849937,0.9319817329590582,0.6049400078013364,0.6826352343102144,0.7204221602653991,0.7786060678826477,0.6049400078013364,0.6826352343102144,0.06245231634013938,0.12347940928096507,0.8170885029738845,0.8990059516216442,500,2000,358.61025312757374,0.2512908962355109
pythia70m_enron_N500_lr5e-5_seed42_ad91,pythia-70m,enron,500,3,5e-05,42,zlib,0.570434,0.038,0.004,0.11199999999999993,0.12700000000000006,0.056077178564430445,0.16744727314057767,0.2335248094886933,0.16744727314057767,0.055447273140577735,0.6688672672858168,25.0,0.047799249278218214,0.15459503432875554,0.056077178564430445,0.16744727314057767,0.06085977661075982,0.17444164727891076,0.08359632026454879,0.20444598340949227,0.542890525,0.59634475,0.016,0.056,0.0,0.014,0.08098750000000002,0.163,0.08950000000000007,0.16951250000000007,0.043123238162614805,0.09792148302525873,0.14683875068410532,0.22127074255653278,0.20544257865880314,0.30541759300982285,0.14683875068410532,0.22127074255653278,0.028272714402803413,0.09695964818319103,0.474980919236291,0.8359626137233588,500,2000,358.61025312757374,0.2512908962355109
pythia70m_enron_N500_lr5e-5_seed42_ad91,pythia-70m,enron,500,3,5e-05,42,mink,0.846077,0.01,0.0,0.5905,0.5799999999999991,0.9549268783264023,0.6909872930548008,0.7843211818574156,0.6909872930548008,0.10048729305480075,0.8545743256571995,25.0,0.9298613903250792,0.681858266183332,0.9549268783264023,0.6909872930548008,0.9886166085071143,0.7030706253667246,1.0003653527295329,0.7072359410866832,0.830013875,0.8617766,0.002,0.02,0.0,0.0,0.5569875000000001,0.6310125,0.5449999999999992,0.6239999999999989,0.8682651630795771,1.1009888589160104,0.6588873813754945,0.7419531166171109,0.7617880327996192,0.8169809741495196,0.6588873813754945,0.7419531166171109,0.08214240201234456,0.13320312015266614,0.8132955299556368,0.8794299639253955,500,2000,358.61025312757374,0.2512908962355109
pythia70m_enron_N500_lr5e-5_seed42_ad91,pythia-70m,enron,500,3,5e-05,42,minkpp,0.858089,0.01,0.0,0.6255,0.004999999999999973,0.005012083180270689,0.050060379444580166,0.07070745116208138,0.050060379444580166,-0.5754396205554198,12.494911283931954,25.0,0.003505688094080169,0.04186698039075764,0.005012083180270689,0.050060379444580166,0.010554925474816604,0.07264614743679325,0.01516802606532161,0.08708623905451886,0.841418575,0.87583155,0.002,0.022,0.0,0.006,0.5959875,0.6615125,0.0024999999999999875,0.10601249999999984,0.0025027941375902244,0.09221957809265,0.0353750910782589,0.21473160506870081,0.049996647483773506,0.29680775462568204,0.0353750910782589,0.21473160506870081,-0.6081493632057052,-0.4037482287688954,2.911568941954703,17.555078729145826,500,2000,358.61025312757374,0.2512908962355109
pythia70m_enron_N500_lr5e-5_seed42_ad91,pythia-70m,enron,500,3,5e-05,42,rmia,0.8095985000000001,0.012,0.0,0.548,0.541,0.7800323315603026,0.6245127426883709,0.7359407648967299,0.6245127426883709,0.07651274268837083,0.877484096867259,25.0,0.7694211047812208,0.6202503949137077,0.7800323315603026,0.6245127426883709,0.7973437856534319,0.6314046981348143,0.8356748739915879,0.6464034630134603,0.7925954125,0.8257562625,0.0,0.022,0.0,0.0,0.525,0.583,0.5139875000000002,0.5760125,0.7280748834840532,0.8726590169937684,0.6033551432570141,0.6605524220682448,0.719140013409293,0.7629947299954142,0.6033551432570141,0.6605524220682448,0.06510446254092597,0.08956644017725077,0.8587485004272556,0.8959680157558528,500,2000,358.61025312757374,0.2512908962355109
pythia70m_enron_N500_lr5e-5_seed42_ad91,pythia-70m,enron,500,5,5e-05,42,loss,0.8015620000000001,0.012,0.0,0.542,0.5279999999999997,0.7242904524762207,0.6017850332453528,0.7178660444670196,0.6017850332453528,0.05978503324535278,0.9006538382602515,25.0,0.7134418128809148,0.5972611710470198,0.7242904524762207,0.6017850332453528,0.7395578564351089,0.6080945059919177,0.7922231402965193,0.6293739509610004,0.781522525,0.8194978,0.004,0.024,0.0,0.006,0.5074875,0.5805,0.49399999999999966,0.5649999999999996,0.6524964536041027,0.8625049957116722,0.5711814306545483,0.656698178399858,0.6922830784602275,0.7601951128754513,0.5711814306545483,0.656698178399858,0.04614589966124938,0.0964248234120314,0.8483205548819204,0.9231056453990709,500,2000,381.95523468967644,0.27712489019347375
pythia70m_enron_N500_lr5e-5_seed42_ad91,pythia-70m,enron,500,5,5e-05,42,ref,0.881119,0.014,0.0,0.69,0.657,1.2889621250439673,0.8027957788391663,0.8511423922871817,0.8027957788391663,0.11279577883916636,0.859496298046973,25.0,1.239238077090057,0.7871588394631852,1.2889621250439673,0.8027957788391663,1.3246943385157597,0.8138471412113456,1.3819525137573838,0.831249816167614,0.868087975,0.893194825,0.002,0.024,0.0,0.0,0.6665,0.7175125,0.6405000000000003,0.7099999999999997,1.1944748607212883,1.457474631435065,0.7728113807314545,0.8536611244559281,0.8349473288967788,0.8758861235525486,0.7728113807314545,0.8536611244559281,0.09119373276519496,0.15609748560961795,0.8160831309268574,0.8845867507077987,500,2000,381.95523468967644,0.27712489019347375
pythia70m_enron_N500_lr5e-5_seed42_ad91,pythia-70m,enron,500,5,5e-05,42,zlib,0.6111850000000001,0.052,0.018,0.15800000000000003,0.1395000000000001,0.10048896580122502,0.22415281149388358,0.3092004339697372,0.22415281149388358,0.06615281149388355,0.7048762803687223,25.0,0.10370872953980889,0.22771553475752251,0.10048896580122502,0.22415281149388358,0.12083027786621248,0.24579491234178594,0.13462721516587267,0.2594486607846268,0.5840760749999999,0.6365390750000001,0.03,0.078,0.0,0.03,0.1245,0.21102499999999996,0.12249999999999994,0.20300000000000007,0.08005461225713519,0.1494203301763321,0.20006825367333106,0.2733316022239705,0.2773699077093233,0.3725492609535391,0.20006825367333106,0.2733316022239705,0.03620647608865452,0.10149159856797754,0.575000851406802,0.846096816700223,500,2000,381.95523468967644,0.27712489019347375
pythia70m_enron_N500_lr5e-5_seed42_ad91,pythia-70m,enron,500,5,5e-05,42,mink,0.9121065,0.012,0.0,0.7245,0.6850000000000012,1.5936965843005528,0.8926635940544884,0.8926515697073841,0.8926515697073841,0.1681515697073841,0.8116268705352694,25.0,1.5794856559824764,0.8886747593980816,1.5936965843005528,0.8926515697073841,1.6615097245850508,0.9000821411468198,1.7139529762856263,0.9054544463007206,0.90110895,0.9224595624999999,0.004,0.024,0.0,0.006,0.698975,0.753,0.6724875000000005,0.7465125000000011,1.4875485313163854,1.9151211978975495,0.8624234812671161,0.9785500949131577,0.879814847325774,0.9234043770676357,0.8624234812671161,0.9234043770676357,0.14082241464587014,0.19850615224733673,0.7822235039618869,0.8372595604456177,500,2000,381.95523468967644,0.27712489019347375
pythia70m_enron_N500_lr5e-5_seed42_ad91,pythia-70m,enron,500,5,5e-05,42,minkpp,0.918812,0.022,0.002,0.7689999999999999,0.00199999999999998,0.0020016707449987347,0.0316359822433154,0.04471765577623757,0.0316359822433154,-0.7373640177566845,24.307764307286128,25.0,0.0015008013071872214,0.027393441798970984,0.0020016707449987347,0.0316359822433154,0.0025026897439770347,0.035374353308414236,0.0035054814572167475,0.041865746483352874,0.903409825,0.93193795,0.008,0.04,0.0,0.008049999999999955,0.745,0.8005125,0.0009999999999999155,0.00951250000000004,0.0010002837375560068,0.00955733218733456,0.02236385183232091,0.06912732332099829,0.03161935515700932,0.09752767170765696,0.02236385183232091,0.06912732332099829,-0.7681363494319711,-0.6932109641506488,11.287887582798206,35.258349318001464,500,2000,381.95523468967644,0.27712489019347375
pythia70m_enron_N500_lr5e-5_seed42_ad91,pythia-70m,enron,500,5,5e-05,42,rmia,0.8811085000000001,0.014,0.0,0.69,0.6880000000000002,1.229261847147266,0.7839840072180255,0.8411251904852338,0.7839840072180255,0.09398400721802558,0.880119994345894,25.0,1.2166219675346914,0.7799429362250457,1.229261847147266,0.7839840072180255,1.2426143621736851,0.7882304111659499,1.2833621741999053,0.8010499903875866,0.8680850999999999,0.8932172625,0.002,0.026,0.0,0.0,0.6665,0.7175,0.6615000000000002,0.7134999999999999,1.1530948565422077,1.3319883407850013,0.7593072027567388,0.8160846588319256,0.8272494551004148,0.8579324490583051,0.7593072027567388,0.8160846588319256,0.08289758342101826,0.11053189781132784,0.8615122342384577,0.8931461124811325,500,2000,381.95523468967644,0.27712489019347375
pythia70m_enron_N500_lr5e-5_seed42_ad91,pythia-70m,enron,500,10,5e-05,42,loss,0.9212019999999999,0.02,0.01,0.778,0.7614999999999996,1.7457074428180073,0.9342664081561552,0.9085584839094748,0.9085584839094748,0.13055848390947478,0.8563015081344141,25.0,1.7453984765303312,0.9085288047711523,1.7457074428180073,0.9085584839094748,1.7937095554080138,0.9130487560911227,1.8320550049932711,0.9164691726526303,0.909976925,0.9311999999999999,0.008,0.034,0.0,0.02,0.753,0.8035,0.7349999999999998,0.7865125000000004,1.6158508546927144,1.9059365711670415,0.8988467207071995,0.9762009352955375,0.8951416003162808,0.9226682237323918,0.8951416003162808,0.9226682237323918,0.11442417380084553,0.1492941108281387,0.8350984945099565,0.8751241923062942,500,2000,872.5549753247707,0.30369271313178925
pythia70m_enron_N500_lr5e-5_seed42_ad91,pythia-70m,enron,500,10,5e-05,42,ref,0.957148,0.016,0.002,0.88,0.8725000000000004,2.5592705521971797,1.1312096516997148,0.960540914907812,0.960540914907812,0.08054091490781201,0.9161504589155977,25.0,2.5905783240493054,0.9617813333938747,2.5592705521971797,0.960540914907812,2.6814539116101073,0.9651613638041364,2.986568500506865,0.9744432798022685,0.948271875,0.9650268,0.004,0.02604999999999995,0.0,0.006,0.8604875000000001,0.9015124999999999,0.8514875000000001,0.8970124999999992,2.417732775990739,2.9104739232366965,1.099484600978449,1.2063320256231682,0.9543985270382735,0.9723939930370135,0.9543985270382735,0.9723939930370135,0.06600146092741832,0.09890682375254377,0.8970900132838601,0.9317616201155079,500,2000,872.5549753247707,0.30369271313178925
pythia70m_enron_N500_lr5e-5_seed42_ad91,pythia-70m,enron,500,10,5e-05,42,zlib,0.7359150000000001,0.15,0.044,0.335,0.3055000000000001,0.33701839562376257,0.4104987184046758,0.5348871776130993,0.4104987184046758,0.07549871840467576,0.8160805015467844,25.0,0.3277084150071894,0.4047890901489252,0.33701839562376257,0.4104987184046758,0.39154155118542144,0.4424599141082848,0.511055572735573,0.5054975631670112,0.712054975,0.7576071999999999,0.106,0.19404999999999997,0.004,0.09,0.2914625,0.381,0.2650000000000001,0.3494999999999999,0.28159443891199726,0.4094592389903143,0.3752295467641617,0.452470572431768,0.4953991672804336,0.5796471128048898,0.3752295467641617,0.452470572431768,0.050142932328388165,0.10612154236342677,0.7440591269897411,0.8807837482453509,500,2000,872.5549753247707,0.30369271313178925
pythia70m_enron_N500_lr5e-5_seed42_ad91,pythia-70m,enron,500,10,5e-05,42,mink,0.960018,0.02,0.01,0.908,0.9004999999999997,2.971229756162837,1.2188580221180063,0.9740429874769536,0.9740429874769536,0.06604298747695359,0.9321970505141425,25.0,2.9616843924076446,0.9737906822050865,2.971229756162837,0.9740429874769536,3.080352401479201,0.9767583818977703,3.2206722407497113,0.9798325326971394,0.951923475,0.967585625,0.008,0.034,0.0,0.02,0.8934875,0.9235,0.8814999999999992,0.9205000000000001,2.7736467210692606,3.4307689005199777,1.177634645416582,1.3097268285689365,0.9682799637530991,0.9836858816603914,0.9682799637530991,0.9836858816603914,0.054100417954027126,0.08009131686641266,0.9182050673563085,0.9444125838666574,500,2000,872.5549753247707,0.30369271313178925
pythia70m_enron_N500_lr5e-5_seed42_ad91,pythia-70m,enron,500,10,5e-05,42,minkpp,0.968536,0.064,0.018,0.9195,0.004999999999999961,0.005012195432790496,0.05006094002708347,0.0707082409704861,0.05006094002708347,-0.8694390599729165,18.367613542665023,25.0,0.003004170112885951,0.038756742077256386,0.005012195432790496,0.05006094002708347,0.00702414538050818,0.05926274285125597,0.010554808234496635,0.07264574397202025,0.961349375,0.9755069249999999,0.03,0.094,0.0,0.032,0.9054875,0.9375125,0.002999999999999893,0.03851250000000009,0.0030041659081103157,0.03927236131697706,0.03875671495438123,0.14012908269730934,0.05476913288604676,0.19624259585446102,0.03875671495438123,0.14012908269730934,-0.8907493804023309,-0.7765540679084668,6.559314641957946,24.098949324735102,500,2000,872.5549753247707,0.30369271313178925
pythia70m_enron_N500_lr5e-5_seed42_ad91,pythia-70m,enron,500,10,5e-05,42,rmia,0.9571275,0.016,0.0,0.88,0.8675000000000003,2.277526608016574,1.0671285320936212,0.9473449694905373,0.9473449694905373,0.06734496949053725,0.9289118835699798,25.0,2.403615556828533,0.9537344758349148,2.277526608016574,0.9473449694905373,2.460455155117403,0.9563492700575156,2.6495835734051614,0.9640121159865116,0.94825425,0.9650250250000001,0.004,0.028,0.0,0.008,0.8595,0.9015,0.8460000000000005,0.8865000000000001,2.1235671944713155,2.4500563030480627,1.0304288411255267,1.1068098984267931,0.9382940819376187,0.955882457061557,0.9382940819376187,0.955882457061557,0.051801317609777374,0.08160980643798382,0.91354701059154,0.9454154011592023,500,2000,872.5549753247707,0.30369271313178925
pythia70m_enron_N500_lr5e-5_seed42_ad91,pythia-70m,enron,500,15,5e-05,42,loss,0.957224,0.034,0.01,0.8795,0.8765000000000008,2.749931187458475,1.1725892689809325,0.9675059377612784,0.9675059377612784,0.08800593776127841,0.9090383486793722,25.0,2.7345168796625647,0.9669925716917376,2.749931187458475,0.9675059377612784,2.82860545274001,0.9700024704646375,2.886322288094607,0.9717093278232566,0.94864925,0.96506225,0.018,0.05,0.002,0.024,0.8615,0.9005,0.8505000000000008,0.8959999999999986,2.5777618229296757,3.0715315614638676,1.135288900004412,1.2392601715709228,0.9612784144126036,0.9765499900044684,0.9612784144126036,0.9765499900044684,0.07222698305956468,0.10476202474957261,0.8918175617984989,0.9256163937230201,500,2000,3298.5160286637943,0.31678111542005016
pythia70m_enron_N500_lr5e-5_seed42_ad91,pythia-70m,enron,500,15,5e-05,42,ref,0.969757,0.018,0.0,0.9355,0.9255,3.258998971061053,1.2765185018363527,0.980598365716043,0.980598365716043,0.045098365716042976,0.9540093403244542,25.0,3.1790661321033933,0.9789665424473334,3.258998971061053,0.980598365716043,3.282317504807667,0.981049869216359,3.3714068193398705,0.9826793518988894,0.9628218,0.9765731,0.006,0.03,0.0,0.004,0.9249875000000001,0.9485,0.9134875,0.9435000000000004,3.011898315899648,3.592960074931561,1.2271712011090927,1.3403283308617082,0.9750906639791436,0.9861456488411366,0.9750906639791436,0.9861456488411366,0.03428051957267209,0.05406723186393751,0.9446552434836295,0.9650828129700165,500,2000,3298.5160286637943,0.31678111542005016
pythia70m_enron_N500_lr5e-5_seed42_ad91,pythia-70m,enron,500,15,5e-05,42,zlib,0.8413360000000001,0.24,0.066,0.5065000000000001,0.4670000000000002,0.6884410387831994,0.5867030930475821,0.7054370159503353,0.5867030930475821,0.080203093047582,0.8632986701485185,25.0,0.6398451287017073,0.5656169767173309,0.6884410387831994,0.5867030930475821,0.8488965643480414,0.6514969548463144,0.9987177951535756,0.7066533079076244,0.8225543500000001,0.858421775,0.19395000000000004,0.292,0.026,0.136,0.473,0.548,0.4319874999999998,0.5125124999999995,0.6102896101188152,0.7954608764175909,0.5523991289256528,0.6306587244298851,0.6758745833058909,0.7406934702955568,0.5523991289256528,0.6306587244298851,0.051983637696885035,0.11067236470695792,0.8181735399316259,0.9096861130681441,500,2000,3298.5160286637943,0.31678111542005016
pythia70m_enron_N500_lr5e-5_seed42_ad91,pythia-70m,enron,500,15,5e-05,42,mink,0.9679880000000001,0.034,0.01,0.9445,0.9365000000000014,3.751093153315905,1.369505960796795,0.9881841673490361,0.9881841673490361,0.04368416734903613,0.9557934959975872,25.0,3.7542898189242138,0.9882221030371218,3.751093153315905,0.9881841673490361,3.85453659192945,0.9893515969549912,3.927028650423541,0.9900999305255365,0.9604897,0.975226075,0.018,0.05,0.002,0.024,0.9345,0.957,0.9255000000000015,0.9505000000000016,3.4767454936289965,4.27815717236514,1.3184736427628814,1.462558914116339,0.984424787708128,0.9930416922885792,0.984424787708128,0.9930416922885792,0.03389834223766577,0.052688413104856564,0.946679703397086,0.9657548697483764,500,2000,3298.5160286637943,0.31678111542005016
pythia70m_enron_N500_lr5e-5_seed42_ad91,pythia-70m,enron,500,15,5e-05,42,minkpp,0.974021,0.068,0.02,0.948,0.0055000000000000005,0.005514512479730267,0.05250958236231872,0.07415750445197121,0.05250958236231872,-0.8954904176376812,18.05384764743991,25.0,0.004007465943630687,0.04476307598697104,0.005514512479730267,0.05250958236231872,0.0060172882855319436,0.05485110885630273,0.008535316084032827,0.06532731467017769,0.9677208500000001,0.9803095,0.046,0.14,0.0019500000000000454,0.034,0.936,0.9615,0.0030000000000000083,0.019500000000000007,0.003004273280050208,0.019691561951188166,0.03875740755021826,0.09922590879196491,0.054770110159846,0.13963863898318918,0.03875740755021826,0.09922590879196491,-0.9128705400358127,-0.8445544193740401,9.60141813140497,24.24094464557041,500,2000,3298.5160286637943,0.31678111542005016
pythia70m_enron_N500_lr5e-5_seed42_ad91,pythia-70m,enron,500,15,5e-05,42,rmia,0.96976,0.018,0.0,0.9355,0.9225000000000002,2.8660885012700152,1.197098262731597,0.9711224749397026,0.9711224749397026,0.03562247493970261,0.9633182468133956,25.0,2.7424110110900424,0.9672565044532531,2.8660885012700152,0.9711224749397026,2.785710713870133,0.9686664890984817,3.2075941686723564,0.9795642799925043,0.9628315875,0.9766033749999999,0.007950000000000046,0.030049999999999952,0.0,0.01,0.9249875000000001,0.9485,0.9034875000000002,0.9389999999999995,2.6774224077897015,3.078254826097338,1.1570268811400266,1.2406157323672553,0.965018077482553,0.9767089925803271,0.965018077482553,0.9767089925803271,0.02666852215101671,0.04215889644882311,0.9563881260614674,0.9726244562420792,500,2000,3298.5160286637943,0.31678111542005016
pythia70m_enron_N500_lr5e-5_seed42_ad91,pythia-70m,enron,500,20,5e-05,42,loss,0.9634320000000001,0.038,0.01,0.903,0.888499999999999,3.0162779114075184,1.228063091092538,0.9752009027453576,0.9752009027453576,0.07220090274535762,0.9259630476734592,25.0,2.7038627936787814,0.9659469900270932,3.0162779114075184,0.9752009027453576,3.126158989347032,0.977810799345517,3.203354011621816,0.979476535660032,0.955261775,0.970928125,0.022,0.056,0.002,0.02,0.887,0.922,0.8729874999999989,0.9105000000000012,2.7986927090571165,3.356336755818486,1.1829397087336935,1.295441375938354,0.9690770810026937,0.9824139935531093,0.9690770810026937,0.9824139935531093,0.05675877536202266,0.0865008554053779,0.9111316283863483,0.941954971763202,500,2000,5964.804764707085,0.31948342724915907
pythia70m_enron_N500_lr5e-5_seed42_ad91,pythia-70m,enron,500,20,5e-05,42,ref,0.9736750000000001,0.02,0.0,0.942,0.9409999999999995,3.3768821931794974,1.2994002834345346,0.9827747586419875,0.9827747586419875,0.04077475864198754,0.9585105760160846,25.0,3.337506806666277,0.9820766675070528,3.3768821931794974,0.9827747586419875,3.543419621879798,0.9854368158745023,3.676892322353425,0.9872682099439686,0.966886925,0.979991775,0.008,0.034,0.0,0.004,0.932,0.9545125,0.9279999999999994,0.9509999999999995,3.147880517188937,3.8537246783783936,1.254567757303192,1.3881146682552399,0.9782928763689388,0.9893429001162831,0.9782928763689388,0.9893429001162831,0.03195215979966802,0.04999315253531374,0.9491730572364288,0.9675110599705831,500,2000,5964.804764707085,0.31948342724915907
pythia70m_enron_N500_lr5e-5_seed42_ad91,pythia-70m,enron,500,20,5e-05,42,zlib,0.878187,0.282,0.064,0.5705,0.5554999999999999,0.8468276731605217,0.6507025715180944,0.7557956173703815,0.6507025715180944,0.0802025715180944,0.8767446525822371,25.0,0.7919401776682776,0.6292615424719191,0.8468276731605217,0.6507025715180944,1.063691613286897,0.7292775923086137,1.2495147827434963,0.7904159609798806,0.8621511,0.8927404250000001,0.21395000000000003,0.346,0.036,0.154,0.5409625000000001,0.6115125,0.5069749999999997,0.5934999999999998,0.7639138600986587,0.9724853037218884,0.6180266418602447,0.6973109980743815,0.7308627618771157,0.7885796617385268,0.6180266418602447,0.6973109980743815,0.059074063800745376,0.1094884827594009,0.8372408536459269,0.9079128623141178,500,2000,5964.804764707085,0.31948342724915907
pythia70m_enron_N500_lr5e-5_seed42_ad91,pythia-70m,enron,500,20,5e-05,42,mink,0.9697929999999999,0.038,0.01,0.9495,0.9460000000000013,3.8595874391156193,1.3891701550054296,0.9894055320500494,0.9894055320500494,0.03990553205004943,0.9596671630010345,25.0,3.8080253782775753,0.9888417687172817,3.8595874391156193,0.9894055320500494,3.942634645841726,0.9902539860931863,4.375285931931003,0.9936878064034244,0.96257585,0.976522175,0.022,0.056,0.002,0.02,0.941,0.9610124999999999,0.9344874999999986,0.9574999999999999,3.5599000915864303,4.487360790595545,1.3341476747180694,1.497891982974303,0.985676581041803,0.9943589406815463,0.985676581041803,0.9943589406815463,0.030337792930062613,0.04803961816851721,0.9515455572830248,0.9694653811860119,500,2000,5964.804764707085,0.31948342724915907
pythia70m_enron_N500_lr5e-5_seed42_ad91,pythia-70m,enron,500,20,5e-05,42,minkpp,0.976627,0.09,0.012,0.9545,0.0045000000000000075,0.004509386204037409,0.04748360877206686,0.06707633105342845,0.04748360877206686,-0.9070163912279332,20.101673497097444,25.0,0.0035055839507306965,0.041866358515702654,0.004509386204037409,0.04748360877206686,0.006520331532662221,0.05709786131135833,0.009544398735880304,0.06908110717077537,0.9705879,0.982329175,0.05,0.134,0.004,0.036,0.946,0.9665125,0.0024999999999999827,0.009512500000000054,0.0025025887276551775,0.009557449949684174,0.03537363939189165,0.06912774897951852,0.04999459833938678,0.09752826937436138,0.03537363939189165,0.06912774897951852,-0.9257439550656035,-0.8832681001112276,13.811175176252277,27.2425179700585,500,2000,5964.804764707085,0.31948342724915907
pythia70m_enron_N500_lr5e-5_seed42_ad91,pythia-70m,enron,500,20,5e-05,42,rmia,0.973657,0.02,0.0,0.9415,0.9405000000000002,2.9190495167110893,1.2081079249618158,0.9726330373070258,0.9726330373070258,0.031133037307025768,0.967990972840872,25.0,2.7111000395548226,0.9661968464869443,2.9190495167110893,0.9726330373070258,2.9223712317285755,0.9727250641689247,3.358369783921071,0.9824500337911555,0.9668783625,0.9800466,0.008,0.034,0.0,0.012,0.9315,0.9545,0.9265000000000001,0.9525000000000001,2.7279026596520697,3.1250567415916097,1.1678832679857414,1.2500113352521511,0.9667697647973392,0.9777860405512,0.9667697647973392,0.9777860405512,0.02246088086017608,0.03587723974204875,0.9629271564957065,0.976985921035877,500,2000,5964.804764707085,0.31948342724915907
pythia70m_enron_N6000_lr5e-5_seed42_b5cc,pythia-70m,enron,6000,1,5e-05,42,loss,0.5423488750000001,0.012166666666666666,0.0018333333333333333,0.08433333333333326,0.08116666666666676,0.021217645308564022,0.10299913909485851,0.1448935286801023,0.10299913909485851,0.018665805761525253,0.818777070123521,100.0,0.02151601468241339,0.1037208144067848,0.021217645308564022,0.10299913909485851,0.03884997183960751,0.13937354813523173,0.03695525609246163,0.13593243927124538,0.5282704833333334,0.556434778125,0.007833333333333333,0.017333333333333333,0.0003333333333333333,0.004166666666666667,0.06499166666666667,0.11066666666666666,0.0673250000000001,0.11001249999999983,0.018646498862476508,0.05965435683989765,0.09655696606191227,0.17270546725528108,0.135918081652909,0.24064474996083282,0.09655696606191227,0.17270546725528108,0.01333139183616658,0.0862233121000465,0.5011744190495071,0.8802666653035176,6000,2000,192.95990789092792,0.27498635794609516
pythia70m_enron_N6000_lr5e-5_seed42_b5cc,pythia-70m,enron,6000,1,5e-05,42,ref,0.5779530833333333,0.012166666666666666,0.0003333333333333333,0.13766666666666671,0.1373333333333333,0.06237106447977386,0.17659425879650487,0.2458979578314002,0.17659425879650487,0.03892759212983815,0.7795647922241026,100.0,0.05929783070057939,0.17218860400819125,0.06237106447977386,0.17659425879650487,0.0758888788884951,0.19479332494787277,0.08381649387561513,0.20471503837727106,0.5621836645833334,0.5919919958333334,0.0045,0.018333333333333333,0.0,0.0016666666666666668,0.11816666666666667,0.16336249999999997,0.1144958333333333,0.16300416666666667,0.05491796087764986,0.09981203807666891,0.16570751468288583,0.22339654235297354,0.231164876260963,0.3082085055106894,0.16570751468288583,0.22339654235297354,0.0318205074097029,0.07928739799412862,0.635862483528782,0.8251599826662731,6000,2000,192.95990789092792,0.27498635794609516
pythia70m_enron_N6000_lr5e-5_seed42_b5cc,pythia-70m,enron,6000,1,5e-05,42,zlib,0.5181594166666668,0.011,0.0023333333333333335,0.031833333333333325,0.03400000000000004,0.012760191000535739,0.07987550000011186,0.11260162048498334,0.07987550000011186,0.04804216666677853,0.39853688970070605,100.0,0.0072635790091260775,0.06026433028386725,0.012760191000535739,0.07987550000011186,0.017694842344966218,0.09406073129889597,0.025421485458963562,0.11274192977540247,0.5048384125,0.5320082395833333,0.00532916666666667,0.014833333333333334,0.0008333333333333334,0.004333333333333333,0.023666666666666666,0.058166666666666665,0.030995833333333334,0.06950416666666662,0.010132186111260502,0.0334544118933554,0.0711764481540731,0.12933368018205632,0.10040426190836894,0.18138630368732803,0.0711764481540731,0.12933368018205632,0.031410614388147406,0.09135213902982836,0.24188896366548882,0.6164453571579502,6000,2000,192.95990789092792,0.27498635794609516
pythia70m_enron_N6000_lr5e-5_seed42_b5cc,pythia-70m,enron,6000,1,5e-05,42,mink,0.5809273749999999,0.012333333333333333,0.0018333333333333333,0.13333333333333341,0.12133333333333318,0.06304096068539508,0.17754008094708512,0.24717399800836226,0.17754008094708512,0.04420674761375171,0.7510041260658922,100.0,0.06225881747864804,0.17643528201389885,0.06304096068539508,0.17754008094708512,0.07049383764913572,0.18774162784147755,0.08119817312788165,0.2014921501298272,0.5664315552083333,0.5952036833333333,0.007995833333333337,0.0175,0.0003333333333333333,0.004166666666666667,0.1136625,0.15966666666666668,0.10732916666666653,0.15333333333333357,0.056567231496680956,0.1003075932012725,0.16817732739593025,0.22395043313672633,0.23451449185474477,0.3089350430047408,0.16817732739593025,0.22395043313672633,0.035138905646335636,0.08476603531596966,0.5992066738736334,0.8017876178966901,6000,2000,192.95990789092792,0.27498635794609516
pythia70m_enron_N6000_lr5e-5_seed42_b5cc,pythia-70m,enron,6000,1,5e-05,42,minkpp,0.6087697083333333,0.008666666666666666,0.0026666666666666666,0.16750000000000004,0.0004999999999999822,0.0019535818663865097,0.03125365471738073,0.04417776439975869,0.03125365471738073,-0.1362463452826193,5.359373216177826,100.0,0.0019535819640655845,0.031253655498721944,0.0019535818663865097,0.03125365471738073,0.001953581671028156,0.03125365315469662,0.008692005902711197,0.06592422127985736,0.5928826927083333,0.6228109791666667,0.0055,0.016,0.0,0.004666666666666667,0.15133333333333332,0.19600833333333334,0.0001666666666666578,0.1203333333333332,0.0014536484768476149,0.06681614736918474,0.02695967801038817,0.18277875558146098,0.03811289075449061,0.25422990453878336,0.02695967801038817,0.18277875558146098,-0.16289565239168746,0.00438721251369562,0.9750923807268119,6.948803317599514,6000,2000,192.95990789092792,0.27498635794609516
pythia70m_enron_N6000_lr5e-5_seed42_b5cc,pythia-70m,enron,6000,1,5e-05,42,rmia,0.5779637916666667,0.012166666666666666,0.0,0.13666666666666671,0.13416666666666666,0.06416692583433384,0.1791185722284736,0.2493021553632422,0.1791185722284736,0.04245190556180689,0.7629955116677816,100.0,0.06281330503077086,0.17721922163068382,0.06416692583433384,0.1791185722284736,0.07132878625023754,0.18885018698724862,0.07648026687536545,0.19555084616969245,0.5622012989583334,0.5919726416666666,0.004833333333333334,0.020166666666666666,0.0,0.004,0.11749583333333333,0.16252499999999998,0.11433333333333334,0.1601708333333333,0.05292448355454143,0.08684035918811532,0.16267218859501142,0.20837508949940572,0.22704264977317756,0.28840345030201064,0.16267218859501142,0.20837508949940572,0.03340181060013007,0.05903759707832091,0.6853262753365355,0.8225266040932514,6000,2000,192.95990789092792,0.27498635794609516
pythia70m_enron_N6000_lr5e-5_seed42_b5cc,pythia-70m,enron,6000,2,5e-05,42,loss,0.5809699583333333,0.01,0.002,0.15950000000000003,0.1495000000000001,0.07050573487388456,0.18775746972342347,0.2609168544707883,0.18775746972342347,0.02825746972342344,0.8495001569575465,100.0,0.06448887438647817,0.17956736115797628,0.07050573487388456,0.18775746972342347,0.07557099891535955,0.19438492600425522,0.0827629624647675,0.20342438701489,0.5659793270833333,0.5957006333333333,0.006,0.013666666666666667,0.0005,0.0036666666666666666,0.13949583333333335,0.18485,0.13233333333333336,0.17683333333333343,0.05949121103262303,0.09335142766361776,0.17246914058891658,0.21604562318308143,0.24032516080711266,0.2985408795753255,0.17246914058891658,0.21604562318308143,0.019346609430432666,0.04659960887079455,0.7657299532576788,0.9020450739975691,6000,2000,153.5101975350325,0.3100544612191181
pythia70m_enron_N6000_lr5e-5_seed42_b5cc,pythia-70m,enron,6000,2,5e-05,42,ref,0.6226522500000001,0.0085,0.003,0.22083333333333333,0.21399999999999997,0.1502991974449104,0.2741342713388007,0.3735632565995189,0.2741342713388007,0.05330093800546737,0.8055663097315071,100.0,0.1492015672963382,0.2731314402410845,0.1502991974449104,0.2741342713388007,0.15791105005304384,0.2809902578854326,0.17046246758421638,0.2919438880882903,0.60708883125,0.6381665833333333,0.005833333333333334,0.01800416666666666,0.0,0.005004166666666663,0.20048333333333335,0.24617916666666667,0.19450000000000003,0.23983333333333334,0.13370413759508376,0.18325331000664288,0.25855766993293516,0.3026989026659653,0.35376706820990916,0.40919763397167597,0.25855766993293516,0.3026989026659653,0.04562273656738295,0.06997128089794165,0.7496072779295456,0.8377933583656745,6000,2000,153.5101975350325,0.3100544612191181
pythia70m_enron_N6000_lr5e-5_seed42_b5cc,pythia-70m,enron,6000,2,5e-05,42,zlib,0.5326488333333333,0.009333333333333334,0.0015,0.044333333333333336,0.04366666666666651,0.024845060440991062,0.11145640502230247,0.15664916909010684,0.11145640502230247,0.06712307168896914,0.39776389095325854,100.0,0.01324072592553099,0.08136561290106217,0.024845060440991062,0.11145640502230247,0.029393880514619684,0.12123093770696423,0.033006110331721385,0.1284642174531908,0.5195682541666666,0.5467310875,0.004833333333333334,0.015337499999999995,0.0005,0.0035,0.038,0.07466666666666667,0.04149999999999996,0.07917083333333312,0.01599802788042238,0.047704109994678355,0.08943720280949606,0.15444107917988723,0.12597911623614436,0.2158335746868553,0.08943720280949606,0.15444107917988723,0.036483081763278774,0.09925925830850721,0.3104691391692835,0.6283993758804715,6000,2000,153.5101975350325,0.3100544612191181
pythia70m_enron_N6000_lr5e-5_seed42_b5cc,pythia-70m,enron,6000,2,5e-05,42,mink,0.627480375,0.010166666666666666,0.002,0.21566666666666667,0.21499999999999966,0.12970838076081678,0.2546648589429024,0.3487813960303992,0.2546648589429024,0.038998192276235744,0.8468646501204966,100.0,0.12501172657900542,0.250011726303993,0.12970838076081678,0.2546648589429024,0.13364050485630558,0.2584961361957907,0.1392904333074072,0.2639038018932346,0.61242164375,0.6422299270833334,0.006,0.013833333333333333,0.0005,0.003833333333333333,0.19549583333333334,0.2438375,0.190333333333333,0.24033333333333298,0.11375601077851602,0.16726024221740685,0.2384911003304733,0.28918872899199705,0.3279090045833389,0.39245455353745706,0.2384911003304733,0.28918872899199705,0.029667949473362737,0.060128991897127546,0.7779446767946718,0.8871940666531767,6000,2000,153.5101975350325,0.3100544612191181
pythia70m_enron_N6000_lr5e-5_seed42_b5cc,pythia-70m,enron,6000,2,5e-05,42,minkpp,0.6654533333333333,0.008,0.0016666666666666668,0.26633333333333337,0.0004999999999999216,0.000500016743694828,0.01581165303968608,0.02235825923804473,0.01581165303968608,-0.2505216802936473,16.844116972770426,100.0,0.0005000167686956615,0.01581165343497734,0.000500016743694828,0.01581165303968608,0.0005000166936933906,0.015811652249107154,0.0019535812803122394,0.03125365002933449,0.6504961708333333,0.6799190145833334,0.005166666666666667,0.017,0.0,0.004166666666666667,0.24748333333333333,0.29533333333333334,0.0004999999999999216,0.016845833333333317,0.000500016743694828,0.01438948162244431,0.01581165303968608,0.08482180966044468,0.02235825923804473,0.11952591756841156,0.01581165303968608,0.08482180966044468,-0.2758570887277151,-0.17731739124229665,3.1594876476073432,18.37331614037034,6000,2000,153.5101975350325,0.3100544612191181
pythia70m_enron_N6000_lr5e-5_seed42_b5cc,pythia-70m,enron,6000,2,5e-05,42,rmia,0.6226667916666666,0.008166666666666666,0.00016666666666666666,0.22083333333333333,0.21849999999999997,0.15914138024135785,0.2820827717544603,0.38356776368377743,0.2820827717544603,0.061249438421126956,0.7828671420087941,100.0,0.15687444271512,0.2800664588228301,0.15914138024135785,0.2820827717544603,0.1640433883193133,0.2863942984063346,0.1699871143285036,0.29153654516072564,0.6071074562500001,0.6381694947916666,0.006162500000000004,0.018833333333333334,0.0,0.006004166666666663,0.19932916666666667,0.2453583333333333,0.19766666666666668,0.24168333333333333,0.1409580809277985,0.19077442561592642,0.2654788872798484,0.30884820154165066,0.36259382156141556,0.4167505655614627,0.2654788872798484,0.30884820154165066,0.05395305131609885,0.07528701251154712,0.7386946647325607,0.8130500264925958,6000,2000,153.5101975350325,0.3100544612191181
pythia70m_enron_N6000_lr5e-5_seed42_b5cc,pythia-70m,enron,6000,3,5e-05,42,loss,0.6112534583333333,0.012166666666666666,0.0036666666666666666,0.21533333333333327,0.21233333333333348,0.12612021318549163,0.25111771461357685,0.344225403733872,0.25111771461357685,0.03578438128024358,0.8574995741128456,100.0,0.1194964609538527,0.24443451163231095,0.12612021318549163,0.25111771461357685,0.12899255594349454,0.25396117414232294,0.13443975039235898,0.25926796021911286,0.5969192260416667,0.6257312854166667,0.0075,0.0195,0.0011666666666666668,0.005504166666666662,0.1946625,0.24000416666666666,0.18999583333333334,0.23533749999999964,0.10937202633974225,0.1547303770750235,0.2338504062216395,0.2781459841151762,0.3218743953300768,0.3786210270129865,0.2338504062216395,0.2781459841151762,0.026803653555156935,0.050204351803059384,0.80418472177109,0.8944150167037326,6000,2000,134.93939308730384,0.333946779940296
pythia70m_enron_N6000_lr5e-5_seed42_b5cc,pythia-70m,enron,6000,3,5e-05,42,ref,0.6555499583333334,0.011166666666666667,0.0008333333333333334,0.28083333333333327,0.27966666666666673,0.2482559456005685,0.3523179995405915,0.46887072936846874,0.3523179995405915,0.07148466620725824,0.7971018616690848,100.0,0.23568329288980666,0.34328071085469297,0.2482559456005685,0.3523179995405915,0.2525766551070709,0.35537069034113583,0.2625779216393631,0.3623381857045729,0.6400518072916667,0.6707765479166666,0.008,0.017004166666666664,0.0,0.005833333333333334,0.2595,0.30500416666666663,0.2579916666666666,0.30367083333333333,0.2213919610702185,0.28356087812068925,0.33271005475060794,0.37653743331903555,0.4456427940113862,0.49689307260662496,0.33271005475060794,0.37653743331903555,0.061519138419785256,0.08318556368813057,0.7657877490104886,0.8276076881640619,6000,2000,134.93939308730384,0.333946779940296
pythia70m_enron_N6000_lr5e-5_seed42_b5cc,pythia-70m,enron,6000,3,5e-05,42,zlib,0.5454015,0.0125,0.0031666666666666666,0.065,0.06400000000000018,0.026166016989832813,0.11438097960288855,0.16070673023716853,0.11438097960288855,0.04938097960288855,0.5682763010569505,100.0,0.021695474133055115,0.10415247028528683,0.026166016989832813,0.11438097960288855,0.034874504269487315,0.1320501879390698,0.03635929026356712,0.13483191436667938,0.5320670666666667,0.5595815354166667,0.007,0.018837499999999997,0.0003333333333333333,0.0045,0.05266666666666667,0.09167083333333333,0.05532916666666682,0.10283750000000008,0.020427948103867815,0.047745426574904604,0.10106420710579912,0.15450796970107417,0.14219954614290317,0.21592484410950813,0.10106420710579912,0.15450796970107417,0.03244418834025638,0.08061164859258078,0.437324541607884,0.7205550034768456,6000,2000,134.93939308730384,0.333946779940296
pythia70m_enron_N6000_lr5e-5_seed42_b5cc,pythia-70m,enron,6000,3,5e-05,42,mink,0.667441,0.012666666666666666,0.0036666666666666666,0.28733333333333333,0.2813333333333335,0.22445224846054393,0.33500167795142755,0.448381838325922,0.33500167795142755,0.047668344618094216,0.8577071466937377,100.0,0.20953637830232424,0.3236791453757287,0.22445224846054393,0.33500167795142755,0.22450606460177092,0.3350418366426579,0.23875748874064337,0.34551229264719613,0.6529494270833334,0.68186601875,0.007666666666666666,0.019833333333333335,0.0011666666666666668,0.005666666666666667,0.2683333333333333,0.313675,0.25749583333333287,0.30568333333333353,0.19839329986636733,0.26437766357551634,0.3149549966209412,0.36357781416078944,0.42420836236035947,0.4819921480664698,0.3149549966209412,0.36357781416078944,0.03532495623375688,0.06172661800118217,0.8205227588412576,0.8947051214364962,6000,2000,134.93939308730384,0.333946779940296
pythia70m_enron_N6000_lr5e-5_seed42_b5cc,pythia-70m,enron,6000,3,5e-05,42,minkpp,0.7159536666666666,0.0155,0.0016666666666666668,0.35500000000000004,0.004500000000000015,0.0051078712750675355,0.050536478285826046,0.07137820594044406,0.050536478285826046,-0.304463521714174,7.024628783829735,100.0,0.005942159079848115,0.05450760992672544,0.0051078712750675355,0.050536478285826046,0.011886376680171614,0.07709207702537146,0.02124258685756821,0.10305965956078113,0.7021328354166667,0.7303251041666666,0.010166666666666666,0.022337499999999996,0.0,0.004004166666666663,0.3359958333333334,0.38166666666666665,0.002000000000000104,0.017666666666666674,0.002693379191124479,0.017299875419158804,0.03669726868700772,0.09300504023239507,0.051862849579406,0.13096217539439592,0.03669726868700772,0.09300504023239507,-0.33071847382090364,-0.26051655521742184,3.895047634276038,9.773047975464342,6000,2000,134.93939308730384,0.333946779940296
pythia70m_enron_N6000_lr5e-5_seed42_b5cc,pythia-70m,enron,6000,3,5e-05,42,rmia,0.6555257083333333,0.010833333333333334,0.0003333333333333333,0.28049999999999997,0.2788333333333333,0.24962218796604344,0.3532861361319203,0.4700052351090684,0.3532861361319203,0.07278613613192031,0.7939739811789803,100.0,0.2473999890496572,0.351710100117737,0.24962218796604344,0.3532861361319203,0.2549690079224214,0.3570497219732998,0.2575977385061891,0.35888559354353383,0.6401020187500001,0.6707165479166667,0.008,0.017333333333333333,0.0,0.0065,0.25899583333333337,0.30433333333333334,0.256,0.3013333333333333,0.22580723614964218,0.2841304451039388,0.3360113358647342,0.37691539216190917,0.44958660097286474,0.49732436365048266,0.3360113358647342,0.37691539216190917,0.06523649887172336,0.08514764678642008,0.7598953295500256,0.8184391147815677,6000,2000,134.93939308730384,0.333946779940296
pythia70m_enron_N6000_lr5e-5_seed42_b5cc,pythia-70m,enron,6000,5,5e-05,42,loss,0.6717107499999999,0.008833333333333334,0.0025,0.32866666666666666,0.31700000000000034,0.264622957972914,0.36374644876129997,0.48218743927797925,0.36374644876129997,0.035079782094633305,0.90355979497781,100.0,0.2654104299862103,0.3642872698751703,0.264622957972914,0.36374644876129997,0.27812331700788145,0.37290971897222086,0.27928622593551916,0.3736885239979408,0.6564531458333334,0.6856798541666667,0.005662500000000004,0.01984166666666666,0.0011666666666666668,0.004333333333333333,0.30733333333333335,0.3531666666666667,0.2941583333333335,0.3398333333333329,0.23926281329507004,0.3048766699263552,0.34587773092543195,0.39043352170936263,0.4612938645400829,0.512626287201829,0.34587773092543195,0.39043352170936263,0.026716118729389334,0.04848084851995953,0.868260936149134,0.9265719757766515,6000,2000,121.99798841810997,0.3592568023025647
pythia70m_enron_N6000_lr5e-5_seed42_b5cc,pythia-70m,enron,6000,5,5e-05,42,ref,0.7188302083333334,0.012666666666666666,0.0016666666666666668,0.39549999999999996,0.3961666666666665,0.45104111859497875,0.474890049693073,0.6025241484388629,0.474890049693073,0.07939004969307306,0.8328243564075858,100.0,0.43033312750821584,0.46386050031675247,0.45104111859497875,0.474890049693073,0.454495261282143,0.4767049723267752,0.4645966520446873,0.48197336650726214,0.7043830708333334,0.7331609833333332,0.008,0.017679166666666656,0.0,0.006,0.37549166666666667,0.41883333333333334,0.3714916666666665,0.4176666666666667,0.41840923712144745,0.49889505790427247,0.457388913529378,0.4994472233084541,0.5847282633659712,0.6267366180953735,0.457388913529378,0.4994472233084541,0.07040034196086896,0.09177792724153784,0.8084821322128203,0.8531020532584099,6000,2000,121.99798841810997,0.3592568023025647
pythia70m_enron_N6000_lr5e-5_seed42_b5cc,pythia-70m,enron,6000,5,5e-05,42,zlib,0.5746530833333334,0.013666666666666667,0.005,0.1151666666666667,0.09133333333333345,0.04104742640323819,0.14326099679123797,0.200540245876284,0.14326099679123797,0.02809433012457127,0.8038940761698682,100.0,0.04237166209630744,0.14555353327265444,0.04104742640323819,0.14326099679123797,0.04994694338292831,0.15802997086459314,0.05834094379044068,0.17079365297112284,0.5609876583333333,0.5885388125,0.008666666666666666,0.021004166666666664,0.0026666666666666666,0.007,0.094325,0.14050833333333335,0.08116250000000004,0.13783333333333306,0.03477695119380944,0.0631638983604302,0.1318653671309921,0.17771310783111188,0.18487612466462566,0.24740736447907138,0.1318653671309921,0.17771310783111188,0.015382774766858448,0.05754834502532953,0.6423490229434704,0.8931109627499215,6000,2000,121.99798841810997,0.3592568023025647
pythia70m_enron_N6000_lr5e-5_seed42_b5cc,pythia-70m,enron,6000,5,5e-05,42,mink,0.7396714999999999,0.008666666666666666,0.0025,0.4311666666666667,0.4288333333333331,0.47072059487089646,0.48513946184107537,0.6127380703993351,0.48513946184107537,0.05397279517440867,0.8887478768072481,100.0,0.4538710049778836,0.47637747899007754,0.47072059487089646,0.48513946184107537,0.48101759818189277,0.49041696452197325,0.49007092927744683,0.4950105702292865,0.7255267625,0.7535712916666667,0.005666666666666667,0.02017083333333333,0.0011666666666666668,0.004333333333333333,0.4106666666666667,0.456,0.40315833333333306,0.4516750000000003,0.4302112045655214,0.5212786813087046,0.4637947842445036,0.5105284784214963,0.5912937344640695,0.6373689197467344,0.4637947842445036,0.5105284784214963,0.04266879230113021,0.0656095747426213,0.8665910783697706,0.910499962510048,6000,2000,121.99798841810997,0.3592568023025647
pythia70m_enron_N6000_lr5e-5_seed42_b5cc,pythia-70m,enron,6000,5,5e-05,42,minkpp,0.8102334583333334,0.020666666666666667,0.0023333333333333335,0.5576666666666668,0.008833333333333295,0.007339317380537037,0.06057770786575305,0.08551286663095242,0.06057770786575305,-0.4970889588009137,9.205806662452767,100.0,0.006787250337650793,0.05825482957511245,0.007339317380537037,0.06057770786575305,0.01042885412482444,0.0722109899005146,0.02907895818908868,0.12057976237555099,0.7960848500000001,0.8248775208333333,0.012,0.027504166666666663,0.0006666666666666666,0.005333333333333333,0.5369875000000001,0.5823375000000001,0.005162499999999937,0.015850000000000027,0.005011945981308357,0.01969996682514364,0.050059694253795965,0.09924707912764902,0.07070648579195553,0.13966813896706798,0.050059694253795965,0.09924707912764902,-0.5192779299501115,-0.45266460559525107,5.603551470722099,11.196196693127867,6000,2000,121.99798841810997,0.3592568023025647
pythia70m_enron_N6000_lr5e-5_seed42_b5cc,pythia-70m,enron,6000,5,5e-05,42,rmia,0.7188284583333333,0.012333333333333333,0.0016666666666666668,0.39516666666666667,0.3876666666666667,0.4509031090126092,0.4748173906948908,0.6024511898571302,0.4748173906948908,0.07965072402822415,0.8322497751995644,100.0,0.44861689451606285,0.4736121274397768,0.4509031090126092,0.4748173906948908,0.4570442764165882,0.47803989185871726,0.46470368945670754,0.48202888370755725,0.7043953770833333,0.733210490625,0.008833333333333334,0.0185,0.0006666666666666666,0.0065041666666666624,0.37483333333333335,0.4178375,0.36499583333333335,0.4103333333333334,0.4172317668238214,0.49577681714406857,0.45674487545959547,0.4978839292321041,0.5840648909911728,0.6252219050516526,0.45674487545959547,0.4978839292321041,0.07210471849509517,0.09013857962497383,0.8105390144178258,0.8512630392474196,6000,2000,121.99798841810997,0.3592568023025647
pythia70m_enron_N6000_lr5e-5_seed42_b5cc,pythia-70m,enron,6000,10,5e-05,42,loss,0.7968028333333333,0.013833333333333333,0.0045,0.5565,0.5543333333333333,0.7865075958770468,0.6270995119903406,0.7379481176287616,0.6270995119903406,0.07059951199034065,0.8874189651874134,100.0,0.7703880106576466,0.6206399965590546,0.7865075958770468,0.6270995119903406,0.789790979411483,0.6284071050726125,0.8085847448601162,0.6358398952802963,0.7827336958333333,0.8102374958333333,0.008,0.029508333333333324,0.0023333333333333335,0.006666666666666667,0.5374958333333333,0.5796708333333334,0.5283166666666667,0.5744999999999999,0.7305451866293308,0.8482667604602319,0.6043778554556479,0.6512552343113921,0.7199678230814912,0.7562034205115146,0.6043778554556479,0.6512552343113921,0.06028921995366183,0.08028826597850947,0.8744007210694258,0.9033379487864948,6000,2000,209.13468440238228,0.40794556018018213
pythia70m_enron_N6000_lr5e-5_seed42_b5cc,pythia-70m,enron,6000,10,5e-05,42,ref,0.8335198333333333,0.017666666666666667,0.0015,0.6148333333333333,0.6115,1.0193750076190409,0.7139240182326971,0.7994870982667854,0.7139240182326971,0.09909068489936379,0.8612027577603278,100.0,0.9872207752931269,0.7025741154117219,1.0193750076190409,0.7139240182326971,1.0318380923549801,0.7182750491124483,1.0363143779657085,0.7198313614888242,0.82049555625,0.8464397770833334,0.010833333333333334,0.02217083333333333,0.0005,0.006166666666666667,0.5971583333333333,0.6378375000000001,0.5883166666666664,0.6323458333333334,0.9593919378366056,1.093656014991419,0.6926008689544484,0.7394781988750244,0.7854134009856496,0.8154817428603655,0.6926008689544484,0.7394781988750244,0.0868251586376459,0.112916872651571,0.8443030215157749,0.8777533851346662,6000,2000,209.13468440238228,0.40794556018018213
pythia70m_enron_N6000_lr5e-5_seed42_b5cc,pythia-70m,enron,6000,10,5e-05,42,zlib,0.6694533333333335,0.026833333333333334,0.006666666666666667,0.24183333333333334,0.22766666666666718,0.190364061524507,0.3085158517195729,0.4163434582930133,0.3085158517195729,0.06668251838623956,0.7838603170158952,100.0,0.1879938253539067,0.3065891594250412,0.190364061524507,0.3085158517195729,0.20786427098946708,0.32238507331254274,0.2078847092653967,0.3224009221957939,0.6565412854166666,0.6827361041666666,0.014833333333333334,0.034666666666666665,0.003,0.010004166666666663,0.2246625,0.2698333333333333,0.20682083333333348,0.25433750000000066,0.1685533204944137,0.22097801334479714,0.29030442573394977,0.33239886683330827,0.39384487575888644,0.44527035882382077,0.29030442573394977,0.33239886683330827,0.048770237415742386,0.07805082439737009,0.7483891839835316,0.8413873656682704,6000,2000,209.13468440238228,0.40794556018018213
pythia70m_enron_N6000_lr5e-5_seed42_b5cc,pythia-70m,enron,6000,10,5e-05,42,mink,0.8561272499999999,0.014333333333333333,0.004666666666666667,0.6876666666666666,0.6765000000000005,1.2966180722264224,0.805176400618654,0.8523760694875887,0.805176400618654,0.11750973395198738,0.8540571558459745,100.0,1.2334900617263913,0.7853311599976125,1.2966180722264224,0.805176400618654,1.3265724451600192,0.8144238592895039,1.3525266781303449,0.8223523205203306,0.8424152666666667,0.8693865187500001,0.008,0.02967083333333333,0.0023333333333333335,0.006666666666666667,0.6698291666666666,0.7090083333333332,0.657820833333334,0.6978333333333334,1.229774892231755,1.4078318895604411,0.7841475816877195,0.8389969751739187,0.8412143540037086,0.8690953804445095,0.7841475816877195,0.8389969751739187,0.10508930497007404,0.1370248401605556,0.8333023096162228,0.8681247303456905,6000,2000,209.13468440238228,0.40794556018018213
pythia70m_enron_N6000_lr5e-5_seed42_b5cc,pythia-70m,enron,6000,10,5e-05,42,minkpp,0.90660325,0.0325,0.0026666666666666666,0.8045,0.000499999999999957,0.000500016743694828,0.01581165303968608,0.02235825923804473,0.01581165303968608,-0.7886883469603139,50.88019563677273,100.0,0.0005000167686956615,0.01581165343497734,0.000500016743694828,0.01581165303968608,0.0005000166936933906,0.015811652249107154,0.0005000165936901019,0.015811650667942642,0.895324825,0.9180383145833334,0.015833333333333335,0.04066666666666666,0.0,0.008166666666666666,0.7886666666666666,0.8228333333333333,0.000499999999999957,0.013025000000000047,0.000500016743694828,0.013110111283812908,0.01581165303968608,0.08096187544610386,0.02235825923804473,0.11412311033081578,0.01581165303968608,0.08096187544610386,-0.8031883469603138,-0.7153319093180077,9.86029969636371,51.77642282426323,6000,2000,209.13468440238228,0.40794556018018213
pythia70m_enron_N6000_lr5e-5_seed42_b5cc,pythia-70m,enron,6000,10,5e-05,42,rmia,0.83347525,0.0175,0.0,0.6144999999999999,0.6111666666666666,1.0058656192585416,0.7091775586052275,0.7964120060514529,0.7091775586052275,0.09467755860522753,0.8664966799126663,100.0,1.0011913869148346,0.7075278746858086,1.0058656192585416,0.7091775586052275,1.017339892185822,0.713211010916763,1.0309336056994136,0.7179601680105289,0.8204555260416667,0.8463853250000001,0.01182916666666667,0.023166666666666665,0.0006666666666666666,0.007166666666666667,0.5964916666666668,0.6375083333333332,0.5901583333333333,0.6316708333333334,0.9472978658002787,1.0791589679641258,0.6882215721801251,0.7345607419645213,0.7824401167413038,0.8124769183563275,0.6882215721801251,0.7345607419645213,0.08416545716979935,0.10607127890538287,0.8514886687921873,0.8810617514230754,6000,2000,209.13468440238228,0.40794556018018213
pythia70m_enron_N6000_lr5e-5_seed42_b5cc,pythia-70m,enron,6000,15,5e-05,42,loss,0.8577777083333333,0.02666666666666667,0.0036666666666666666,0.6831666666666667,0.6809999999999994,1.206830452354793,0.7767980601014632,0.8371714702806021,0.7767980601014632,0.09363139343479654,0.8794649494585933,100.0,1.1865532319952083,0.7702445170188518,1.206830452354793,0.7767980601014632,1.228388983884382,0.7837056156122597,1.2416559348588456,0.7879263718326877,0.8446568375,0.8703365333333334,0.015333333333333332,0.037504166666666665,0.002,0.008166666666666666,0.6648291666666667,0.704,0.6591624999999994,0.6990041666666668,1.1386569730627323,1.295687669486968,0.7545385911568647,0.8048874668848293,0.8244702312899158,0.8522267429852867,0.7545385911568647,0.8048874668848293,0.08283907328670065,0.10688998447510577,0.8657368879125173,0.892627651649463,6000,2000,433.6784741852684,0.42485635719711967
pythia70m_enron_N6000_lr5e-5_seed42_b5cc,pythia-70m,enron,6000,15,5e-05,42,ref,0.8838646666666665,0.025166666666666667,0.003,0.7388333333333333,0.7196666666666668,1.4512494346231068,0.8518360859411589,0.8750557748678822,0.8518360859411589,0.11300275260782555,0.8673421395584886,100.0,1.4458009124843785,0.8502355298634545,1.4512494346231068,0.8518360859411589,1.5142637357532218,0.8701332471964343,1.5299283940914845,0.8746223168006533,0.8718922125,0.8959445312500001,0.0165,0.03250416666666667,0.0015,0.005333333333333333,0.7218333333333333,0.7593375,0.7041624999999999,0.743016666666667,1.3766537442564957,1.563515477321504,0.8296546701014025,0.8841706501724577,0.8646260404645416,0.8891576690157207,0.8296546701014025,0.8841706501724577,0.10102467828143698,0.13334397535796963,0.8478917660849788,0.8797898063365158,6000,2000,433.6784741852684,0.42485635719711967
pythia70m_enron_N6000_lr5e-5_seed42_b5cc,pythia-70m,enron,6000,15,5e-05,42,zlib,0.7503172500000002,0.041166666666666664,0.011166666666666667,0.3716666666666667,0.36483333333333356,0.39008532018181213,0.4416363437160783,0.5683316722242441,0.4416363437160783,0.0699696770494116,0.8415672123796177,100.0,0.36462666939861094,0.4269816561625399,0.39008532018181213,0.4416363437160783,0.4178433018797034,0.45707947989365233,0.4263653057982939,0.46171707018383773,0.7380361750000001,0.7629485583333333,0.027666666666666666,0.05267083333333333,0.007833333333333333,0.017333333333333333,0.353825,0.39850416666666666,0.33998750000000016,0.3865041666666671,0.3586994422648626,0.4347313903050429,0.4234970142161694,0.4662249405053185,0.5490134015757654,0.5937688506459764,0.4234970142161694,0.4662249405053185,0.05533707622136268,0.07947863965885218,0.8229012898996132,0.8759501505831617,6000,2000,433.6784741852684,0.42485635719711967
pythia70m_enron_N6000_lr5e-5_seed42_b5cc,pythia-70m,enron,6000,15,5e-05,42,mink,0.8906295416666667,0.027166666666666665,0.003833333333333333,0.7813333333333333,0.7796666666666681,1.7484008547647445,0.9349868594704271,0.9088167826709264,0.9088167826709264,0.12748344933759304,0.8597259076104082,100.0,1.6828523785213738,0.902306420032527,1.7484008547647445,0.9088167826709264,1.7645589835727649,0.9103503175591895,1.7784171617156515,0.9116439625495979,0.8783719375,0.902286509375,0.015662500000000003,0.03783333333333333,0.0021666666666666666,0.0085,0.7649916666666667,0.8008375,0.7609958333333341,0.7974999999999995,1.6555942598480808,1.8740045806480126,0.909833571496856,0.967988786176327,0.8994562056731877,0.9200501640941089,0.8994562056731877,0.9200501640941089,0.11509517921307315,0.13874088255033448,0.8471806922164224,0.8740139251227853,6000,2000,433.6784741852684,0.42485635719711967
pythia70m_enron_N6000_lr5e-5_seed42_b5cc,pythia-70m,enron,6000,15,5e-05,42,minkpp,0.9269287500000001,0.04583333333333333,0.011333333333333334,0.8596666666666667,0.00299999999999993,0.003003960498175269,0.03875538993595129,0.054767263244505586,0.03875538993595129,-0.8209112767307154,22.181860847933315,100.0,0.0025027942627301337,0.03537509196263759,0.003003960498175269,0.03875538993595129,0.0035055834248932617,0.04186635537572659,0.005514404450656597,0.05250906802951561,0.9165644354166667,0.9364212354166667,0.021162500000000004,0.061,0.005,0.017166666666666667,0.8444958333333333,0.8760041666666667,0.0014999999999999502,0.008999999999999992,0.001500801232147171,0.009040148131031643,0.027393441114135067,0.06723149608268301,0.038725645161424335,0.09486521410610041,0.027393441114135067,0.06723149608268301,-0.8392967408373221,-0.7889558508374923,12.797200721095585,31.576927890535558,6000,2000,433.6784741852684,0.42485635719711967
pythia70m_enron_N6000_lr5e-5_seed42_b5cc,pythia-70m,enron,6000,15,5e-05,42,rmia,0.88384675,0.024333333333333332,0.0,0.7383333333333333,0.7268333333333334,1.4758966739326334,0.8590391940804079,0.8783087845008347,0.8590391940804079,0.12070586074707457,0.8594873649783944,100.0,1.4358090297898738,0.8472924612522744,1.4758966739326334,0.8590391940804079,1.4911909438902247,0.8634787038167834,1.504817845715654,0.8674150810643235,0.871847021875,0.8959325447916666,0.017833333333333333,0.034333333333333334,0.0021666666666666666,0.007666666666666666,0.7209916666666667,0.7585041666666666,0.7094958333333334,0.7478375000000003,1.3949187457886867,1.5753382750832357,0.8351403307098644,0.8875072602536542,0.8672639874114908,0.8905405438155736,0.8351403307098644,0.8875072602536542,0.1072842502663975,0.13600797231388925,0.8448400726512704,0.8733039201108783,6000,2000,433.6784741852684,0.42485635719711967
pythia70m_enron_N6000_lr5e-5_seed42_b5cc,pythia-70m,enron,6000,20,5e-05,42,loss,0.8788805833333333,0.027666666666666666,0.0055,0.7281666666666667,0.7156666666666666,1.411161567860996,0.839988561785515,0.8695631898818947,0.839988561785515,0.11182189511884821,0.8668768835599917,100.0,1.3451199646946774,0.8200975444100164,1.411161567860996,0.839988561785515,1.4057712688575634,0.8383827493625937,1.4280765490341898,0.8450078547073364,0.8667449583333333,0.89069381875,0.0195,0.042333333333333334,0.003,0.012,0.7118333333333333,0.7478333333333333,0.6968333333333333,0.7376791666666673,1.3289185034913455,1.5132427247440046,0.8151436998145747,0.8698398486622312,0.8574593588487511,0.8830658027607249,0.8151436998145747,0.8698398486622312,0.09646338207603124,0.1265814534251953,0.8530948820999853,0.8832092058441091,6000,2000,675.6018462270464,0.4279967045077626
pythia70m_enron_N6000_lr5e-5_seed42_b5cc,pythia-70m,enron,6000,20,5e-05,42,ref,0.8993004166666666,0.03216666666666667,0.0031666666666666666,0.7816666666666667,0.7681666666666671,1.6493079848956937,0.9081046153653481,0.8987864840695978,0.8987864840695978,0.11711981740293109,0.8696911675032911,100.0,1.6220511821569623,0.8958274449730593,1.6493079848956937,0.8987864840695978,1.6735646097334131,0.9013449767587598,1.70453229100788,0.9045123422930667,0.8880047479166666,0.9104803729166667,0.017991666666666673,0.0395,0.0013333333333333333,0.006166666666666667,0.7653333333333333,0.801,0.7489916666666666,0.7870041666666672,1.5637204411761776,1.7662936178221162,0.8842286019851165,0.9397589093320038,0.8891818009527975,0.9105133271752359,0.8842286019851165,0.9105133271752359,0.10622097032613699,0.12617956139415248,0.8595796377798386,0.8823112949364963,6000,2000,675.6018462270464,0.4279967045077626
pythia70m_enron_N6000_lr5e-5_seed42_b5cc,pythia-70m,enron,6000,20,5e-05,42,zlib,0.7882060833333334,0.0485,0.020833333333333332,0.44266666666666665,0.4353333333333338,0.49356908568828695,0.49677413664978926,0.6241443940448816,0.49677413664978926,0.0541074699831226,0.8910823531433829,100.0,0.4443652946918679,0.47136254342696127,0.49356908568828695,0.49677413664978926,0.5361400597483543,0.5177547970556885,0.5706649397161492,0.5341652083935031,0.7765979729166668,0.8003301104166667,0.0361625,0.0605,0.013662500000000005,0.0245,0.423,0.46700416666666666,0.4096666666666667,0.4563500000000006,0.45851841890352435,0.5586011889722757,0.4788102002007015,0.5284889729073141,0.6064489754701832,0.6542104886924274,0.4788102002007015,0.5284889729073141,0.04558439604877373,0.07357748246169109,0.8563339539187533,0.9082418811476848,6000,2000,675.6018462270464,0.4279967045077626
pythia70m_enron_N6000_lr5e-5_seed42_b5cc,pythia-70m,enron,6000,20,5e-05,42,mink,0.901404875,0.027666666666666666,0.005666666666666667,0.8063333333333333,0.8058333333333337,1.8718010852613889,0.9674195277286346,0.9198661197202057,0.9198661197202057,0.11353278638687236,0.8765768366146527,100.0,1.8531792570250611,0.9182929473987778,1.8718010852613889,0.9198661197202057,1.8957777396162414,0.9218451757358179,1.9241924940092905,0.9241246669270886,0.889815875,0.9127876854166667,0.019829166666666672,0.04168749999999998,0.003,0.012170833333333329,0.7915,0.8246666666666667,0.787158333333332,0.8220000000000006,1.7816072458115828,2.0140168720734124,0.9438239344110683,1.0034980994022145,0.911938963443752,0.9308858472199935,0.911938963443752,0.9308858472199935,0.10183752065217014,0.12394378453952323,0.8646469441148091,0.8896758370248571,6000,2000,675.6018462270464,0.4279967045077626
pythia70m_enron_N6000_lr5e-5_seed42_b5cc,pythia-70m,enron,6000,20,5e-05,42,minkpp,0.93578875,0.051666666666666666,0.010166666666666666,0.8768333333333332,0.0005000000000000368,0.000500016743694828,0.01581165303968608,0.02235825923804473,0.01581165303968608,-0.8610216802936471,55.454880721993234,100.0,0.0005000167686956615,0.01581165343497734,0.000500016743694828,0.01581165303968608,0.0005000166936931687,0.015811652249103646,0.0015009020484674283,0.027394361175864534,0.9259627833333333,0.9449008270833333,0.02882916666666667,0.07566666666666666,0.004833333333333334,0.019004166666666662,0.8641583333333334,0.8916666666666667,0.000499999999999947,0.017499999999999946,0.000500016743694828,0.017653873772800477,0.01581165303968608,0.09395177958079648,0.02235825923804473,0.13228362373769667,0.01581165303968608,0.09395177958079648,-0.8716995136903564,-0.7819072250140654,9.374704482180196,56.108934200191236,6000,2000,675.6018462270464,0.4279967045077626
pythia70m_enron_N6000_lr5e-5_seed42_b5cc,pythia-70m,enron,6000,20,5e-05,42,rmia,0.8993650833333333,0.02666666666666667,0.0,0.7813333333333334,0.7795000000000001,1.6438752945570965,0.9066077692577691,0.8982038926678757,0.8982038926678757,0.11687055933454227,0.8698841540450138,100.0,1.6047515621081205,0.8939018572036536,1.6438752945570965,0.8982038926678757,1.674698773371945,0.9014629164907123,1.6922329739952107,0.9032674264163353,0.8880900166666666,0.9105843604166667,0.02,0.04150416666666667,0.002,0.01,0.7649916666666667,0.8005,0.7615000000000003,0.7970000000000002,1.5515346158533796,1.7518493161465336,0.8807765368509612,0.9359084651220253,0.8877372896250788,0.9091463680461132,0.8807765368509612,0.9091463680461132,0.10673381057092875,0.1250319148280988,0.8607382203931186,0.8818071056384099,6000,2000,675.6018462270464,0.4279967045077626
